unit,unit_type,tool,model,timestamp,branch,iteration,commit_sha,tree_sha,files,ncloc,cc_total,cc_per_fn,cc_mean_method_ck,cc_max_method_ck,cognitive_total,cognitive_per_fn,code_smells,smells_per_kloc,duplication_pct,cbo_mean,cbo_median,cbo_max,ck_classes,maint_rating,tech_debt_ratio_pct,tech_debt_min
001_binary_search,ALG,claude,claude-haiku-4-5,20260618T031609Z,claude-exp/20260618T031609Z-claude-haiku-4-5-high-Agent,0,809c7caa070009cbae5511391d918c8d994502f6,f62bb424a918cc85670cd5eab45ad71ba1189921,1,24,6,3.0,3.0,4,8,4.0,7,291.67,0.0,2.0,2.0,2,1,B,6.5,47
001_binary_search,ALG,claude,claude-haiku-4-5,20260618T031609Z,claude-exp/20260618T031609Z-claude-haiku-4-5-high-Agent,1,4e97e0a0cbedfa7f0a00ccd65278d4d0fd8e4d6f,59f2cc3736f8e93b3fbe8a7bdba89d30363dd026,1,29,6,3.0,3.0,4,7,3.5,3,103.45,0.0,2.0,2.0,2,1,A,3.4,30
001_binary_search,ALG,claude,claude-haiku-4-5,20260618T031609Z,claude-exp/20260618T031609Z-claude-haiku-4-5-high-Agent,2,7f44c0ecf45308ebcdf2e10b3caa7f2ebe45fb0a,cf25f46056708c4c749170c5d7dfaabfad0b113b,1,32,7,2.33,2.33,4,7,2.33,3,93.75,0.0,2.0,2.0,2,1,A,3.1,30
001_binary_search,ALG,claude,claude-haiku-4-5,20260618T031609Z,claude-exp/20260618T031609Z-claude-haiku-4-5-high-Agent,3,699c56c8464bd94f0e793795d42ad3b73111b85b,cf25f46056708c4c749170c5d7dfaabfad0b113b,1,32,7,2.33,2.33,4,7,2.33,3,93.75,0.0,2.0,2.0,2,1,A,3.1,30
001_binary_search,ALG,claude,claude-haiku-4-5,20260618T031609Z,claude-exp/20260618T031609Z-claude-haiku-4-5-high-Agent,4,c9cf12907196ac4d5e5d10e6a18b08de66755c2c,a676de1e33d90f98d686eb83278f4a6e9cb4eb5a,1,39,11,2.2,2.4,4,8,1.6,3,76.92,0.0,2.0,2.0,2,1,A,2.6,30
001_binary_search,ALG,claude,claude-haiku-4-5,20260618T031609Z,claude-exp/20260618T031609Z-claude-haiku-4-5-high-Agent,5,db7e2916f3eabd8f79692c80a9c04c1ef6b35aa1,a676de1e33d90f98d686eb83278f4a6e9cb4eb5a,1,39,11,2.2,2.4,4,8,1.6,3,76.92,0.0,2.0,2.0,2,1,A,2.6,30
001_binary_search,ALG,claude,claude-haiku-4-5,20260618T031609Z,claude-exp/20260618T031609Z-claude-haiku-4-5-high-Agent,6,20e2e470023ec1159aae24419a1b6701df5ad83b,7a1651805a1a22d08c7f7bb34eefd0d512572cc2,1,40,11,2.2,2.4,4,8,1.6,3,75.0,0.0,2.0,2.0,2,1,A,2.5,30
001_binary_search,ALG,claude,claude-haiku-4-5,20260618T031609Z,claude-exp/20260618T031609Z-claude-haiku-4-5-high-Agent,7,e820883c3ee1fe7a58c2134a3c2f30c35032a5ad,7a1651805a1a22d08c7f7bb34eefd0d512572cc2,1,40,11,2.2,2.4,4,8,1.6,3,75.0,0.0,2.0,2.0,2,1,A,2.5,30
001_binary_search,ALG,claude,claude-haiku-4-5,20260618T031609Z,claude-exp/20260618T031609Z-claude-haiku-4-5-high-Agent,8,5fb6a75704777f78f60796bc9fd019a54e210bfc,7e54ef960a0b2e777ef3d4b7e817bb014ec19e9f,2,72,21,1.62,1.62,4,10,0.77,4,55.56,0.0,2.0,2.0,3,2,A,1.9,40
001_binary_search,ALG,claude,claude-haiku-4-5,20260618T031609Z,claude-exp/20260618T031609Z-claude-haiku-4-5-high-Agent,9,364082898ac92cd2158b0dac443a01c297e5df34,7e54ef960a0b2e777ef3d4b7e817bb014ec19e9f,2,72,21,1.62,1.62,4,10,0.77,4,55.56,0.0,2.0,2.0,3,2,A,1.9,40
001_binary_search,ALG,claude,claude-haiku-4-5,20260618T031609Z,claude-exp/20260618T031609Z-claude-haiku-4-5-high-Agent,10,be8c41a3f4f5dc8585b2bb1d456e4c984d73a4a3,27c08cea3019ac555672e7a6f37f23a889621748,4,129,33,1.57,1.57,9,17,0.81,7,54.26,0.0,2.0,1.5,5,4,A,1.8,70
001_binary_search,ALG,claude,claude-haiku-4-5,20260618T031609Z,claude-exp/20260618T031609Z-claude-haiku-4-5-high-Agent,11,d6eb97cde3928c0184f2bc0a49f2e8eadb547163,27c08cea3019ac555672e7a6f37f23a889621748,4,129,33,1.57,1.57,9,17,0.81,7,54.26,0.0,2.0,1.5,5,4,A,1.8,70
001_binary_search,ALG,claude,claude-haiku-4-5,20260618T031609Z,claude-exp/20260618T031609Z-claude-haiku-4-5-high-Agent,12,3742fea3a194608cbef2082077ac4fc5c33504c6,364a903a6f758e3ffdad3e47e765c014ac4bec48,6,204,50,1.67,1.67,8,26,0.87,17,83.33,0.0,2.83,3.0,5,6,A,2.6,160
001_binary_search,ALG,claude,claude-haiku-4-5,20260618T031609Z,claude-exp/20260618T031609Z-claude-haiku-4-5-high-Agent,13,209bf8538c6d0ad005a19258e10a60424ddf89e8,364a903a6f758e3ffdad3e47e765c014ac4bec48,6,204,50,1.67,1.67,8,26,0.87,17,83.33,0.0,2.83,3.0,5,6,A,2.6,160
001_binary_search,ALG,claude,claude-haiku-4-5,20260618T031609Z,claude-exp/20260618T031609Z-claude-haiku-4-5-high-Agent,14,3ff06f77e363e88aa52a30891b7ca7451b191343,b8e2409422b5c37a1d1aee2d96297153de6567dc,7,259,61,1.42,1.47,10,28,0.65,19,73.36,8.7,2.78,2.0,8,9,A,2.2,174
001_binary_search,ALG,claude,claude-haiku-4-5,20260618T031609Z,claude-exp/20260618T031609Z-claude-haiku-4-5-high-Agent,15,15eae7950a56f53e47bcedf4cfe66967334d7d62,b8e2409422b5c37a1d1aee2d96297153de6567dc,7,259,61,1.42,1.47,10,28,0.65,19,73.36,8.7,2.78,2.0,8,9,A,2.2,174
001_binary_search,ALG,claude,claude-haiku-4-5,20260618T031609Z,claude-exp/20260618T031609Z-claude-haiku-4-5-high-Agent,16,f5ebe03e9d32bcbe6912dc1a4351754158c79c1a,28fe698eab5c1f04d2c38a9043915bdee1c33256,8,352,84,1.4,1.43,12,37,0.62,26,73.86,10.3,3.0,2.0,10,12,A,2.3,240
001_binary_search,ALG,claude,claude-haiku-4-5,20260618T031609Z,claude-exp/20260618T031609Z-claude-haiku-4-5-high-Agent,17,a4e965062a11ee1c6f52bfc6fc00a7d456de3c70,28fe698eab5c1f04d2c38a9043915bdee1c33256,8,352,84,1.4,1.43,12,37,0.62,26,73.86,10.3,3.0,2.0,10,12,A,2.3,240
001_binary_search,ALG,claude,claude-haiku-4-5,20260618T031609Z,claude-exp/20260618T031609Z-claude-haiku-4-5-high-Agent,18,d36cbcec0940de0c45f27b9b98988243b7031a3a,ac3896d9ede1acd3e21f1ff33660577b58c86109,9,355,84,1.22,1.32,7,28,0.41,24,67.61,0.0,2.65,2.0,10,17,A,2.2,236
001_binary_search,ALG,claude,claude-haiku-4-5,20260618T031609Z,claude-exp/20260618T031609Z-claude-haiku-4-5-high-Agent,19,4ada5430a94d0750cda61c83ed3f11a8a9473dab,ac3896d9ede1acd3e21f1ff33660577b58c86109,9,355,84,1.22,1.32,7,28,0.41,24,67.61,0.0,2.65,2.0,10,17,A,2.2,236
001_binary_search,ALG,claude,claude-opus-4-8,20260618T041019Z,claude-exp/20260618T041019Z-claude-opus-4-8-high-Agent,0,809c7caa070009cbae5511391d918c8d994502f6,f62bb424a918cc85670cd5eab45ad71ba1189921,1,24,6,3.0,3.0,4,8,4.0,7,291.67,0.0,2.0,2.0,2,1,B,6.5,47
001_binary_search,ALG,claude,claude-opus-4-8,20260618T041019Z,claude-exp/20260618T041019Z-claude-opus-4-8-high-Agent,1,98b8c269127e4cd3f2e233f43f63f073ee381783,bf779a6e9b37bf9190cee1cec9269916ee3ecf50,1,27,6,3.0,3.0,4,7,3.5,3,111.11,0.0,2.0,2.0,2,1,A,3.7,30
001_binary_search,ALG,claude,claude-opus-4-8,20260618T041019Z,claude-exp/20260618T041019Z-claude-opus-4-8-high-Agent,2,99c800f341a666d07952ad593fd83093be7dfcef,bf779a6e9b37bf9190cee1cec9269916ee3ecf50,1,27,6,3.0,3.0,4,7,3.5,3,111.11,0.0,2.0,2.0,2,1,A,3.7,30
001_binary_search,ALG,claude,claude-opus-4-8,20260618T041019Z,claude-exp/20260618T041019Z-claude-opus-4-8-high-Agent,3,009e0c7713926527533b4ab28c0f6987f0ab02fa,bf779a6e9b37bf9190cee1cec9269916ee3ecf50,1,27,6,3.0,3.0,4,7,3.5,3,111.11,0.0,2.0,2.0,2,1,A,3.7,30
001_binary_search,ALG,claude,claude-opus-4-8,20260618T041019Z,claude-exp/20260618T041019Z-claude-opus-4-8-high-Agent,4,b4526d523875627ed80aa1ce1bf15287082f83c8,bf779a6e9b37bf9190cee1cec9269916ee3ecf50,1,27,6,3.0,3.0,4,7,3.5,3,111.11,0.0,2.0,2.0,2,1,A,3.7,30
001_binary_search,ALG,claude,claude-opus-4-8,20260618T041019Z,claude-exp/20260618T041019Z-claude-opus-4-8-high-Agent,5,38e482d4251d4a10647356d2bc38f1e9a611a38c,bf779a6e9b37bf9190cee1cec9269916ee3ecf50,1,27,6,3.0,3.0,4,7,3.5,3,111.11,0.0,2.0,2.0,2,1,A,3.7,30
001_binary_search,ALG,claude,claude-opus-4-8,20260618T041019Z,claude-exp/20260618T041019Z-claude-opus-4-8-high-Agent,6,6168199982bceefb0342035d0b0dab2aa61c1df7,bf779a6e9b37bf9190cee1cec9269916ee3ecf50,1,27,6,3.0,3.0,4,7,3.5,3,111.11,0.0,2.0,2.0,2,1,A,3.7,30
001_binary_search,ALG,claude,claude-opus-4-8,20260618T041019Z,claude-exp/20260618T041019Z-claude-opus-4-8-high-Agent,7,384e0929ce84d02bc0835c077f39b6488e5c5f45,bf779a6e9b37bf9190cee1cec9269916ee3ecf50,1,27,6,3.0,3.0,4,7,3.5,3,111.11,0.0,2.0,2.0,2,1,A,3.7,30
001_binary_search,ALG,claude,claude-opus-4-8,20260618T041019Z,claude-exp/20260618T041019Z-claude-opus-4-8-high-Agent,8,c8ec448378589a4950a4e840b15bc9709e62d8c0,bf779a6e9b37bf9190cee1cec9269916ee3ecf50,1,27,6,3.0,3.0,4,7,3.5,3,111.11,0.0,2.0,2.0,2,1,A,3.7,30
001_binary_search,ALG,claude,claude-opus-4-8,20260618T041019Z,claude-exp/20260618T041019Z-claude-opus-4-8-high-Agent,9,8c011d75264c36f906f0d0d142bc017e279f2f17,bf779a6e9b37bf9190cee1cec9269916ee3ecf50,1,27,6,3.0,3.0,4,7,3.5,3,111.11,0.0,2.0,2.0,2,1,A,3.7,30
001_binary_search,ALG,claude,claude-opus-4-8,20260618T041019Z,claude-exp/20260618T041019Z-claude-opus-4-8-high-Agent,10,ae1c5433f993124ff11862fed988d4479e8dba1b,bf779a6e9b37bf9190cee1cec9269916ee3ecf50,1,27,6,3.0,3.0,4,7,3.5,3,111.11,0.0,2.0,2.0,2,1,A,3.7,30
001_binary_search,ALG,claude,claude-sonnet-4-6,20260618T031405Z,claude-exp/20260618T031405Z-claude-sonnet-4-6-high-Agent,0,809c7caa070009cbae5511391d918c8d994502f6,f62bb424a918cc85670cd5eab45ad71ba1189921,1,24,6,3.0,3.0,4,8,4.0,7,291.67,0.0,2.0,2.0,2,1,B,6.5,47
001_binary_search,ALG,claude,claude-sonnet-4-6,20260618T031405Z,claude-exp/20260618T031405Z-claude-sonnet-4-6-high-Agent,1,76cca3ab281647e70d13ed3f914de97e87c2d1bf,cf0cd50e308626679cb5f1427c9c1571ba6a111c,2,26,6,3.0,3.0,4,8,4.0,6,230.77,0.0,1.5,1.5,2,2,B,6.0,47
001_binary_search,ALG,claude,claude-sonnet-4-6,20260618T031405Z,claude-exp/20260618T031405Z-claude-sonnet-4-6-high-Agent,2,30af01ed904ef42ffe01ec247d279925a7b3e974,cf0cd50e308626679cb5f1427c9c1571ba6a111c,2,26,6,3.0,3.0,4,8,4.0,6,230.77,0.0,1.5,1.5,2,2,B,6.0,47
001_binary_search,ALG,claude,claude-sonnet-4-6,20260618T031405Z,claude-exp/20260618T031405Z-claude-sonnet-4-6-high-Agent,3,76981120384a72891f9f7d48085a99c7f7a4d333,cf0cd50e308626679cb5f1427c9c1571ba6a111c,2,26,6,3.0,3.0,4,8,4.0,6,230.77,0.0,1.5,1.5,2,2,B,6.0,47
001_binary_search,ALG,claude,claude-sonnet-4-6,20260618T031405Z,claude-exp/20260618T031405Z-claude-sonnet-4-6-high-Agent,4,fa7c6607b4d41e5a0ce489ae3e6b553c78e6640a,cf0cd50e308626679cb5f1427c9c1571ba6a111c,2,26,6,3.0,3.0,4,8,4.0,6,230.77,0.0,1.5,1.5,2,2,B,6.0,47
001_binary_search,ALG,claude,claude-sonnet-4-6,20260618T031405Z,claude-exp/20260618T031405Z-claude-sonnet-4-6-high-Agent,5,00fc88831d01f973f36c87290d7670abe4f0f58d,cf0cd50e308626679cb5f1427c9c1571ba6a111c,2,26,6,3.0,3.0,4,8,4.0,6,230.77,0.0,1.5,1.5,2,2,B,6.0,47
001_binary_search,ALG,claude,claude-sonnet-4-6,20260618T031405Z,claude-exp/20260618T031405Z-claude-sonnet-4-6-high-Agent,6,1aa950dac1b1f7e957052ff1683fd18fcfb6aff5,cf0cd50e308626679cb5f1427c9c1571ba6a111c,2,26,6,3.0,3.0,4,8,4.0,6,230.77,0.0,1.5,1.5,2,2,B,6.0,47
001_binary_search,ALG,claude,claude-sonnet-4-6,20260618T031405Z,claude-exp/20260618T031405Z-claude-sonnet-4-6-high-Agent,7,5900b37d25ab7099e3d857dc2670b50939885b83,cf0cd50e308626679cb5f1427c9c1571ba6a111c,2,26,6,3.0,3.0,4,8,4.0,6,230.77,0.0,1.5,1.5,2,2,B,6.0,47
001_binary_search,ALG,claude,claude-sonnet-4-6,20260618T031405Z,claude-exp/20260618T031405Z-claude-sonnet-4-6-high-Agent,8,57f778e52d290e172ab693cfb0ddcb5eaa58c410,cf0cd50e308626679cb5f1427c9c1571ba6a111c,2,26,6,3.0,3.0,4,8,4.0,6,230.77,0.0,1.5,1.5,2,2,B,6.0,47
001_binary_search,ALG,claude,claude-sonnet-4-6,20260618T031405Z,claude-exp/20260618T031405Z-claude-sonnet-4-6-high-Agent,9,7c54a8c7abd97189d3144c68f0e97157f3c649c6,cf0cd50e308626679cb5f1427c9c1571ba6a111c,2,26,6,3.0,3.0,4,8,4.0,6,230.77,0.0,1.5,1.5,2,2,B,6.0,47
001_binary_search,ALG,claude,claude-sonnet-4-6,20260618T031405Z,claude-exp/20260618T031405Z-claude-sonnet-4-6-high-Agent,10,791ff5f1607a173195fb679798507621794728dd,cf0cd50e308626679cb5f1427c9c1571ba6a111c,2,26,6,3.0,3.0,4,8,4.0,6,230.77,0.0,1.5,1.5,2,2,B,6.0,47
001_binary_search,ALG,codex,gpt-5.4,20260618T025500Z,codex-exp/20260618T025500Z-gpt-5.4-high-Agent,0,809c7caa070009cbae5511391d918c8d994502f6,f62bb424a918cc85670cd5eab45ad71ba1189921,1,24,6,3.0,3.0,4,8,4.0,7,291.67,0.0,2.0,2.0,2,1,B,6.5,47
001_binary_search,ALG,codex,gpt-5.4,20260618T025500Z,codex-exp/20260618T025500Z-gpt-5.4-high-Agent,1,92950f9cde139c3d6e08b2b9bb918cf0a8586e7c,9d189bea8cac505f444ced63d654cc82efedd2a7,1,34,8,2.0,2.0,4,8,2.0,3,88.24,0.0,2.0,2.0,2,1,A,2.9,30
001_binary_search,ALG,codex,gpt-5.4,20260618T025500Z,codex-exp/20260618T025500Z-gpt-5.4-high-Agent,2,b7a58ecfb41189b602afc6fa1fa34e535de4ea82,704c09cd332bd5f7f2984617a84bcf3d996088eb,1,37,10,2.0,2.0,4,8,1.6,2,54.05,0.0,2.0,2.0,2,1,A,1.8,20
001_binary_search,ALG,codex,gpt-5.4,20260618T025500Z,codex-exp/20260618T025500Z-gpt-5.4-high-Agent,3,fec658c0276bd4a4bf9a79b21bed90ddb01f9f67,6d49e3598b5e35520382594345d3951ce5df2848,1,41,11,1.83,1.83,4,8,1.33,2,48.78,0.0,2.0,2.0,2,1,A,1.6,20
001_binary_search,ALG,codex,gpt-5.4,20260618T025500Z,codex-exp/20260618T025500Z-gpt-5.4-high-Agent,4,077803691a4e7b55ce020a56ad6dbe9655265aa6,769090596e28069ac10415ac1d0d141c123ea097,1,37,9,1.8,1.8,4,7,1.4,2,54.05,0.0,2.0,2.0,2,1,A,1.8,20
001_binary_search,ALG,codex,gpt-5.4,20260618T025500Z,codex-exp/20260618T025500Z-gpt-5.4-high-Agent,5,12991ae3c43bf94fafadc49b91b59ecb58d4ff5b,0dcd5699b1d433f50ea6989f771795c28338b0ca,1,48,12,1.5,1.6,4,7,0.88,2,41.67,0.0,4.0,4.0,4,1,A,1.4,20
001_binary_search,ALG,codex,gpt-5.4,20260618T025500Z,codex-exp/20260618T025500Z-gpt-5.4-high-Agent,6,223eb5a07050ee9d3f82060fb2eb34a4314cf9dc,65856814ab05fc23bd7bf6234362e44393150ff6,1,50,13,1.44,1.6,4,7,0.78,2,40.0,0.0,4.0,4.0,4,1,A,1.3,20
001_binary_search,ALG,codex,gpt-5.4,20260618T025500Z,codex-exp/20260618T025500Z-gpt-5.4-high-Agent,7,ae00dabdd9fe8cd193805c9a3ea61f646379ae95,3ba7169b3ab0f6019a140deed9999c4c63572113,1,66,18,1.29,1.5,4,7,0.5,2,30.3,0.0,5.0,5.0,5,1,A,1.0,20
001_binary_search,ALG,codex,gpt-5.4,20260618T025500Z,codex-exp/20260618T025500Z-gpt-5.4-high-Agent,8,c84b416b76644ac46a7690f78b3be6b9c6403eb2,44030624dd8defbcf1bf2b6e9df1d0155d156f13,1,69,20,1.33,1.56,4,8,0.53,2,28.99,0.0,5.0,5.0,5,1,A,1.0,20
001_binary_search,ALG,codex,gpt-5.4,20260618T025500Z,codex-exp/20260618T025500Z-gpt-5.4-high-Agent,9,deab5b6d1672484471b1afa10c2e1f6c92b48768,a1543fa3404d812f8396eaa7f63bb8c05381ab1d,1,69,20,1.33,1.56,4,8,0.53,2,28.99,0.0,6.0,6.0,6,1,A,1.0,20
001_binary_search,ALG,codex,gpt-5.4,20260618T025500Z,codex-exp/20260618T025500Z-gpt-5.4-high-Agent,10,af10e11c6b489e62f63e3b0652803e7dd0bde24e,e90efa8726ed741690dd34a9ac72841b03cf3d43,1,70,21,1.31,1.5,4,5,0.31,2,28.57,0.0,6.0,6.0,6,1,A,1.0,20
001_binary_search,ALG,codex,gpt-5.4-mini,20260618T030245Z,codex-exp/20260618T030245Z-gpt-5.4-mini-high-Agent,0,809c7caa070009cbae5511391d918c8d994502f6,f62bb424a918cc85670cd5eab45ad71ba1189921,1,24,6,3.0,3.0,4,8,4.0,7,291.67,0.0,2.0,2.0,2,1,B,6.5,47
001_binary_search,ALG,codex,gpt-5.4-mini,20260618T030245Z,codex-exp/20260618T030245Z-gpt-5.4-mini-high-Agent,1,5adcc7510147307db2962ff71523d4b27d54fa33,d7b5bf09b87ef963cbd14e9abc920c14acb4bb2e,1,31,7,2.33,2.33,4,7,2.33,3,96.77,0.0,2.0,2.0,2,1,A,3.2,30
001_binary_search,ALG,codex,gpt-5.4-mini,20260618T030245Z,codex-exp/20260618T030245Z-gpt-5.4-mini-high-Agent,2,f7c051d8d1df6b19cb8d12187510366d97040e03,2818ab0f9533b8ae9555c80269b6d4d0b7c2d47b,1,39,10,2.0,2.0,4,8,1.6,2,51.28,0.0,2.0,2.0,2,1,A,1.7,20
001_binary_search,ALG,codex,gpt-5.4-mini,20260618T030245Z,codex-exp/20260618T030245Z-gpt-5.4-mini-high-Agent,3,fd6bfcdfca7937fad8c6d7b2fe382ae82e4d142a,2d46bfc74342dac9e679e2757953a942251e9483,1,63,15,1.88,1.88,4,13,1.62,2,31.75,0.0,3.0,3.0,3,1,A,1.1,20
001_binary_search,ALG,codex,gpt-5.4-mini,20260618T030245Z,codex-exp/20260618T030245Z-gpt-5.4-mini-high-Agent,4,a958c8fea9b839bcfa28a741ae64642cc454d2e8,6a86879c44ed92418dce796f2268f3c8f3d60dbe,2,117,28,1.65,1.59,4,17,1.0,6,51.28,0.0,2.33,3.0,4,3,A,1.9,68
001_binary_search,ALG,codex,gpt-5.4-mini,20260618T030245Z,codex-exp/20260618T030245Z-gpt-5.4-mini-high-Agent,5,e9ef265b40d480a85ed61e6aaa230433d35e32a3,77af4c3981a92b24fb3c2c91531a1e187509f7db,3,121,29,1.61,1.56,4,17,0.94,7,57.85,0.0,2.5,3.0,4,4,A,2.1,78
001_binary_search,ALG,codex,gpt-5.4-mini,20260618T030245Z,codex-exp/20260618T030245Z-gpt-5.4-mini-high-Agent,6,f42f94be001ff79246ca28e4de7545db5aa2eee3,eb361415809d2c19a12bb6387cc416f0ecbd7b4b,3,126,29,1.61,1.56,4,17,0.94,4,31.75,0.0,2.5,3.0,4,4,A,1.3,48
001_binary_search,ALG,codex,gpt-5.4-mini,20260618T030245Z,codex-exp/20260618T030245Z-gpt-5.4-mini-high-Agent,7,3fbc4205229093c4e54679107a1a0546873dae32,b19a5548abdb5daab351452f93fe6082c8c47ac1,3,115,27,1.5,1.39,4,11,0.61,4,34.78,0.0,2.2,3.0,4,5,A,1.4,48
001_binary_search,ALG,codex,gpt-5.4-mini,20260618T030245Z,codex-exp/20260618T030245Z-gpt-5.4-mini-high-Agent,8,1565e97761d0a4446dd031ced371b022b65a72ad,19e8790cdda8ce0c108b7f001f8c75b6fd2752fe,4,117,28,1.56,1.39,4,11,0.61,4,34.19,0.0,2.2,3.0,4,5,A,1.4,48
001_binary_search,ALG,codex,gpt-5.4-mini,20260618T030245Z,codex-exp/20260618T030245Z-gpt-5.4-mini-high-Agent,9,500b2020043619f42657c63f43aad5cf81681b3c,ba3616f6d3c71dad79285801f241e5d9e041dbfc,4,148,39,1.7,1.43,4,14,0.61,5,33.78,0.0,2.2,3.0,4,5,A,1.4,60
001_binary_search,ALG,codex,gpt-5.4-mini,20260618T030245Z,codex-exp/20260618T030245Z-gpt-5.4-mini-high-Agent,10,b53a66e944553e8455c113636af77d24b0833925,14c66478c92013257320e7787797b74345448946,4,122,30,1.67,1.5,4,13,0.72,4,32.79,0.0,2.0,2.0,4,5,A,1.4,50
001_binary_search,ALG,codex,gpt-5.5,20260618T024504Z,codex-exp/20260618T024504Z-gpt-5.5-high-Agent,0,809c7caa070009cbae5511391d918c8d994502f6,f62bb424a918cc85670cd5eab45ad71ba1189921,1,24,6,3.0,3.0,4,8,4.0,7,291.67,0.0,2.0,2.0,2,1,B,6.5,47
001_binary_search,ALG,codex,gpt-5.5,20260618T024504Z,codex-exp/20260618T024504Z-gpt-5.5-high-Agent,1,13c4aa49ab0aa30f48e851d0b7436227ea81b24b,0294c21616f0dafd6e0d9a6e8ee6d9d3c7ec89e9,1,33,8,2.0,2.0,4,8,2.0,3,90.91,0.0,2.0,2.0,2,1,A,3.0,30
001_binary_search,ALG,codex,gpt-5.5,20260618T024504Z,codex-exp/20260618T024504Z-gpt-5.5-high-Agent,2,56c0baab64b408323a10e189471cb95c532caec1,b12f935cc7f7c5223e19da9a7e35e727c5249448,1,36,9,1.8,1.8,4,7,1.4,2,55.56,0.0,2.0,2.0,2,1,A,1.9,20
001_binary_search,ALG,codex,gpt-5.5,20260618T024504Z,codex-exp/20260618T024504Z-gpt-5.5-high-Agent,3,69d6a975838dc92ae746d3818843aed09b9cbac8,26dacf26c853a00f816ab48cc5327ba5bf61ca24,1,48,12,1.5,1.5,4,7,0.88,2,41.67,0.0,3.0,3.0,3,2,A,1.4,20
001_binary_search,ALG,codex,gpt-5.5,20260618T024504Z,codex-exp/20260618T024504Z-gpt-5.5-high-Agent,4,404936df8f603e521d83309b6c8c9fa32363277c,5bdf50d32bed1d240b4639e65fbad9a49186ab0e,1,49,12,1.5,1.5,4,7,0.88,2,40.82,0.0,3.0,3.0,3,2,A,1.4,20
001_binary_search,ALG,codex,gpt-5.5,20260618T024504Z,codex-exp/20260618T024504Z-gpt-5.5-high-Agent,5,4c3c51c167990b12e21e1954e6db204d24a92389,d4a153d3d906306da45c11757faca06a2deae036,3,56,14,1.4,1.4,4,7,0.7,5,89.29,0.0,2.33,3.0,3,3,A,2.7,45
001_binary_search,ALG,codex,gpt-5.5,20260618T024504Z,codex-exp/20260618T024504Z-gpt-5.5-high-Agent,6,7df4e390dfdabc5a57ba2b547d675d827789c4e4,41610b2159afef63b68df260f45afa510ff6cd68,4,107,26,1.3,1.35,4,10,0.5,6,56.07,0.0,2.5,3.0,3,4,A,1.7,55
001_binary_search,ALG,codex,gpt-5.5,20260618T024504Z,codex-exp/20260618T024504Z-gpt-5.5-high-Agent,7,c0bb9cf5d3729123ee060cf6e894b2674915c8f0,ae00f99e03efaa3961118df90b91d81b020097fa,4,107,26,1.3,1.35,4,10,0.5,6,56.07,0.0,2.5,3.0,3,4,A,1.7,55
001_binary_search,ALG,codex,gpt-5.5,20260618T024504Z,codex-exp/20260618T024504Z-gpt-5.5-high-Agent,8,da8b961452d5943eb98e08e17650b31fc00b951d,ed16ad4e7634efbd3367dc656804828eb23321ea,4,107,26,1.3,1.35,4,10,0.5,6,56.07,0.0,2.5,3.0,3,4,A,1.7,55
001_binary_search,ALG,codex,gpt-5.5,20260618T024504Z,codex-exp/20260618T024504Z-gpt-5.5-high-Agent,9,c1b94bc19cac29b1e9d996ce72eaa7d33501f1ec,91086cea00e52f11df12ce765e16d6aea4e6ea46,4,110,27,1.29,1.33,4,10,0.48,6,54.55,0.0,2.5,3.0,3,4,A,1.7,55
001_binary_search,ALG,codex,gpt-5.5,20260618T024504Z,codex-exp/20260618T024504Z-gpt-5.5-high-Agent,10,6bf6139cde17fe993d0b79c11f3d708af467dc79,f9ba7dfc374e276c6fa23a50dfe961491a75ed46,4,112,27,1.29,1.33,4,10,0.48,7,62.5,0.0,2.5,3.0,3,4,A,1.9,65
001_binary_search,ALG,codex,gpt-5.5,20260628T202028Z,codex-exp/20260628T202028Z-gpt-5.5-Agent,0,809c7caa070009cbae5511391d918c8d994502f6,f62bb424a918cc85670cd5eab45ad71ba1189921,1,24,6,3.0,3.0,4,8,4.0,7,291.67,0.0,2.0,2.0,2,1,B,6.5,47
001_binary_search,ALG,codex,gpt-5.5,20260628T202028Z,codex-exp/20260628T202028Z-gpt-5.5-Agent,1,23c9ff3ba39c215396e3fb3108783f609a8be90d,8416e45bfcdc1bb9a1a4b22938ac483df58d8287,1,32,7,2.33,2.33,4,8,2.67,3,93.75,0.0,2.0,2.0,2,1,A,3.1,30
001_binary_search,ALG,codex,gpt-5.5,20260628T202028Z,codex-exp/20260628T202028Z-gpt-5.5-Agent,2,edad76b69c30515171e54bc9121eec3a46156105,3480d7bb9c0bf4c6160577d65e057efffae00716,1,35,8,2.0,2.0,4,8,2.0,3,85.71,0.0,2.0,2.0,2,1,A,2.9,30
001_binary_search,ALG,codex,gpt-5.5,20260628T202028Z,codex-exp/20260628T202028Z-gpt-5.5-Agent,3,4f57a4e47c55a0316835f88f70278c07137e518c,8a55369d4b2a1ec1300b52ffdba4abfb6112bb0a,1,37,9,1.8,1.8,4,7,1.4,2,54.05,0.0,2.0,2.0,2,1,A,1.8,20
001_binary_search,ALG,codex,gpt-5.5,20260628T202028Z,codex-exp/20260628T202028Z-gpt-5.5-Agent,4,a65bc74b6aff14a4d7811cc64f5227cc31f63a69,58b851b70440a987538e2c510558bb03eadb8df8,1,40,10,1.67,1.67,4,7,1.17,2,50.0,0.0,2.0,2.0,2,1,A,1.7,20
001_binary_search,ALG,codex,gpt-5.5,20260628T202028Z,codex-exp/20260628T202028Z-gpt-5.5-Agent,5,b088676ea93cc6828d56a954ac552454e27a8ef0,1a6da71998576ed9295d089f38f75d74b704995b,1,42,10,1.67,1.67,4,7,1.17,2,47.62,0.0,2.0,2.0,2,1,A,1.6,20
001_binary_search,ALG,codex,gpt-5.5,20260628T202028Z,codex-exp/20260628T202028Z-gpt-5.5-Agent,6,ce59b20728bfeab3704e30804303565e234ca3a6,495c9beb12729be2c8d1f7ea205f6ac9d2ffd32a,1,45,11,1.57,1.57,4,7,1.0,2,44.44,0.0,2.0,2.0,2,1,A,1.5,20
001_binary_search,ALG,codex,gpt-5.5,20260628T202028Z,codex-exp/20260628T202028Z-gpt-5.5-Agent,7,a1e01b40fc503ebabd99e071ccb0a73f934f4700,efb13ec6272b1134b7f95d91e55f2f9bb080b4f8,1,45,11,1.57,1.57,4,7,1.0,2,44.44,0.0,2.0,2.0,2,1,A,1.5,20
001_binary_search,ALG,codex,gpt-5.5,20260628T202028Z,codex-exp/20260628T202028Z-gpt-5.5-Agent,8,05778e22b1c0da3d259f9f72ba2d8ed1a72812f6,22b2eb72c0d6a76707369029a8a4723e6baab00a,1,44,11,1.57,1.57,4,7,1.0,2,45.45,0.0,2.0,2.0,2,1,A,1.5,20
001_binary_search,ALG,codex,gpt-5.5,20260628T202028Z,codex-exp/20260628T202028Z-gpt-5.5-Agent,9,d3e29d34ce3c15d5599aa9c86e113b55609cb851,04399b21a5a4146335a49a151537a458d173cf24,1,46,12,1.5,1.5,4,7,0.88,2,43.48,0.0,2.0,2.0,2,1,A,1.4,20
001_binary_search,ALG,codex,gpt-5.5,20260628T202028Z,codex-exp/20260628T202028Z-gpt-5.5-Agent,10,492b86e54fb6858e85c158d82b405032335168d0,b5adc22e8f5616f85e74d759777a6649f9e611c3,1,49,13,1.44,1.56,4,7,0.78,2,40.82,0.0,2.0,2.0,2,1,A,1.4,20
001_binary_search,ALG,codex,gpt-5.5,20260628T202637Z,codex-exp/20260628T202637Z-gpt-5.5-Agent,0,809c7caa070009cbae5511391d918c8d994502f6,f62bb424a918cc85670cd5eab45ad71ba1189921,1,24,6,3.0,3.0,4,8,4.0,7,291.67,0.0,2.0,2.0,2,1,B,6.5,47
001_binary_search,ALG,codex,gpt-5.5,20260628T202637Z,codex-exp/20260628T202637Z-gpt-5.5-Agent,1,c38f0f0a6896720dc534efbabeddfbffbf79dbd0,b686ec2cc6beb9a7530d865cd2dee69886766557,1,34,8,2.0,2.0,4,8,2.0,3,88.24,0.0,2.0,2.0,2,1,A,2.9,30
001_binary_search,ALG,codex,gpt-5.5,20260628T202637Z,codex-exp/20260628T202637Z-gpt-5.5-Agent,2,fa75cc73946d2b8b00709f9a4cd513b7f03d93f2,c12dc39a848baa90a3c665f423485e8a23e5158a,2,54,12,1.71,1.71,4,8,1.14,3,55.56,0.0,2.5,2.5,3,2,A,1.9,30
001_binary_search,ALG,codex,gpt-5.5,20260628T202637Z,codex-exp/20260628T202637Z-gpt-5.5-Agent,3,daeccc556c81bd9eb3d12ff1b4deb53b73e920a8,e9b2616b666a8c5652face9f353646fec982a52f,3,71,15,1.67,1.78,4,11,1.22,4,56.34,0.0,2.33,3.0,3,3,A,1.9,40
001_binary_search,ALG,codex,gpt-5.5,20260628T202637Z,codex-exp/20260628T202637Z-gpt-5.5-Agent,4,e7fcfd8b56bf36492cc10c7e21ff8816e2746e03,0c5abdb87a8bd32d30907454851902f0715d3ef0,3,74,16,1.6,1.7,4,11,1.1,4,54.05,0.0,2.67,3.0,3,3,A,1.8,40
001_binary_search,ALG,codex,gpt-5.5,20260628T202637Z,codex-exp/20260628T202637Z-gpt-5.5-Agent,5,de8ffcf1192fa5fe63a3a7c386463396bd34f903,29071d56ccf3c3daac26205cef43f596f97903ee,3,93,19,1.58,1.67,4,12,1.0,4,43.01,0.0,2.5,2.5,4,4,A,1.4,40
001_binary_search,ALG,codex,gpt-5.5,20260628T202637Z,codex-exp/20260628T202637Z-gpt-5.5-Agent,6,e3ee864daef75cd89d1f5a4bd89cfe1590995bcd,3c3296179aa961d0477017ec52fcd5dada680075,3,93,19,1.58,1.67,4,12,1.0,4,43.01,0.0,2.5,2.5,4,4,A,1.4,40
001_binary_search,ALG,codex,gpt-5.5,20260628T202637Z,codex-exp/20260628T202637Z-gpt-5.5-Agent,7,80d604605ef843325107236c8ee6a9a72dce2b68,ceca151ea190a2d92ad4273a417e98bbc481a68b,3,93,19,1.58,1.67,4,12,1.0,4,43.01,0.0,2.5,2.5,4,4,A,1.4,40
001_binary_search,ALG,codex,gpt-5.5,20260628T202637Z,codex-exp/20260628T202637Z-gpt-5.5-Agent,8,5d7051b92a59da58f73a52dff6ee1dfa32811c5d,01e59a5681b96380e446a89f70328f01691b545f,3,93,19,1.58,1.67,4,12,1.0,4,43.01,0.0,2.5,2.5,4,4,A,1.4,40
001_binary_search,ALG,codex,gpt-5.5,20260628T202637Z,codex-exp/20260628T202637Z-gpt-5.5-Agent,9,c2251ad739ca6237ace6b144e4a5850a518d392c,4f0ad5d9c8394c0c38fe94157956469606504a34,3,94,19,1.58,1.67,4,12,1.0,6,63.83,0.0,2.5,2.5,4,4,A,2.0,55
001_binary_search,ALG,codex,gpt-5.5,20260628T202637Z,codex-exp/20260628T202637Z-gpt-5.5-Agent,10,b7a28a49a4691652b538a2c42faaed80f300d69f,285f6337e540af669d0cd6824fad4cd32f601c42,3,94,19,1.58,1.67,4,12,1.0,6,63.83,0.0,2.5,2.5,4,4,A,2.0,55
001_binary_search,ALG,codex,gpt-5.5,20260628T203301Z,codex-exp/20260628T203301Z-gpt-5.5-Agent,0,809c7caa070009cbae5511391d918c8d994502f6,f62bb424a918cc85670cd5eab45ad71ba1189921,1,24,6,3.0,3.0,4,8,4.0,7,291.67,0.0,2.0,2.0,2,1,B,6.5,47
001_binary_search,ALG,codex,gpt-5.5,20260628T203301Z,codex-exp/20260628T203301Z-gpt-5.5-Agent,1,c9f8c3ae33c1df4f1d9688b992c4522027d974d0,62530d71c897e25985d5ad47ca7ad63cdf8f5ec7,1,35,8,2.0,2.0,4,8,2.0,3,85.71,0.0,2.0,2.0,2,1,A,2.9,30
001_binary_search,ALG,codex,gpt-5.5,20260628T203301Z,codex-exp/20260628T203301Z-gpt-5.5-Agent,2,2e9f987f347c6d6d4406dc639b8d3e5803d81b03,98515824c6312813a5b8bd43d6ab79707dd368cb,1,75,15,1.67,1.6,4,10,1.11,4,53.33,0.0,3.33,3.0,5,3,A,1.8,40
001_binary_search,ALG,codex,gpt-5.5,20260628T203301Z,codex-exp/20260628T203301Z-gpt-5.5-Agent,3,0135a59c071a2becec503f746e65dda01d550f47,401e151ce3f96dcecaa2d5d73dac4eb00c0cb446,3,92,19,1.58,1.54,4,11,0.92,6,65.22,0.0,3.67,3.0,5,3,A,2.2,60
001_binary_search,ALG,codex,gpt-5.5,20260628T203301Z,codex-exp/20260628T203301Z-gpt-5.5-Agent,4,3b97a7b27a9837fc7aad008cf59486961ca2c9f3,c07d6758ccb4296bfb60690b1846465164a6af31,3,94,19,1.58,1.54,4,11,0.92,6,63.83,0.0,3.67,3.0,5,3,A,2.1,60
001_binary_search,ALG,codex,gpt-5.5,20260628T203301Z,codex-exp/20260628T203301Z-gpt-5.5-Agent,5,f082c6bfe65ad637c438e8357119b68c8b45abdc,c07d6758ccb4296bfb60690b1846465164a6af31,3,94,19,1.58,1.54,4,11,0.92,6,63.83,0.0,3.67,3.0,5,3,A,2.1,60
001_binary_search,ALG,codex,gpt-5.5,20260628T203301Z,codex-exp/20260628T203301Z-gpt-5.5-Agent,6,a918b39678d615be03c5572429425ec3427070c0,c07d6758ccb4296bfb60690b1846465164a6af31,3,94,19,1.58,1.54,4,11,0.92,6,63.83,0.0,3.67,3.0,5,3,A,2.1,60
001_binary_search,ALG,codex,gpt-5.5,20260628T203301Z,codex-exp/20260628T203301Z-gpt-5.5-Agent,7,d74403c4df2d80fad6d3077c1f8cea21a490b315,c07d6758ccb4296bfb60690b1846465164a6af31,3,94,19,1.58,1.54,4,11,0.92,6,63.83,0.0,3.67,3.0,5,3,A,2.1,60
001_binary_search,ALG,codex,gpt-5.5,20260628T203301Z,codex-exp/20260628T203301Z-gpt-5.5-Agent,8,3547b0bc1b8dd527385dceae99772e453278d8c2,c07d6758ccb4296bfb60690b1846465164a6af31,3,94,19,1.58,1.54,4,11,0.92,6,63.83,0.0,3.67,3.0,5,3,A,2.1,60
001_binary_search,ALG,codex,gpt-5.5,20260628T203301Z,codex-exp/20260628T203301Z-gpt-5.5-Agent,9,24f4af07d36d333846980a18282157df9e7bf44a,c07d6758ccb4296bfb60690b1846465164a6af31,3,94,19,1.58,1.54,4,11,0.92,6,63.83,0.0,3.67,3.0,5,3,A,2.1,60
001_binary_search,ALG,codex,gpt-5.5,20260628T203301Z,codex-exp/20260628T203301Z-gpt-5.5-Agent,10,9d7b0ca41c21557ac28f9f00dcb2c389651dd73e,c07d6758ccb4296bfb60690b1846465164a6af31,3,94,19,1.58,1.54,4,11,0.92,6,63.83,0.0,3.67,3.0,5,3,A,2.1,60
001_binary_search,ALG,codex,gpt-5.5,20260628T210847Z,codex-exp/20260628T210847Z-gpt-5.5-Agent,0,809c7caa070009cbae5511391d918c8d994502f6,f62bb424a918cc85670cd5eab45ad71ba1189921,1,24,6,3.0,3.0,4,8,4.0,7,291.67,0.0,2.0,2.0,2,1,B,6.5,47
001_binary_search,ALG,codex,gpt-5.5,20260628T210847Z,codex-exp/20260628T210847Z-gpt-5.5-Agent,1,d642692f0295d5636bdc077d504b3714b25ed024,3f976d8e39be3e5a0131d58fd9408b6630030fe6,1,34,8,2.0,2.0,4,8,2.0,3,88.24,0.0,2.0,2.0,2,1,A,2.9,30
001_binary_search,ALG,codex,gpt-5.5,20260628T210847Z,codex-exp/20260628T210847Z-gpt-5.5-Agent,2,43d3b2cb69efb71a9397e9ff4edb5224b5b0e32b,aa46625306f557f8910ae9172867f1b3eb1c0e01,1,35,8,2.0,2.0,4,8,2.0,3,85.71,0.0,2.0,2.0,2,1,A,2.9,30
001_binary_search,ALG,codex,gpt-5.5,20260628T210847Z,codex-exp/20260628T210847Z-gpt-5.5-Agent,3,cf5ac79a9cf41637e2807ca32b362390e17c3b93,bab42d0a66a2d5228cba3b92b27cd6693b0df8e1,1,38,9,1.8,1.8,4,8,1.6,3,78.95,0.0,2.0,2.0,2,1,A,2.6,30
001_binary_search,ALG,codex,gpt-5.5,20260628T210847Z,codex-exp/20260628T210847Z-gpt-5.5-Agent,4,2dd8f8f5134459a8820a79a235be89dcb89a1e7d,abc42c13bccb31d55ef2ad294a134e1c838b0b14,1,44,11,1.57,1.57,4,8,1.14,3,68.18,0.0,2.0,2.0,2,1,A,2.3,30
001_binary_search,ALG,codex,gpt-5.5,20260628T210847Z,codex-exp/20260628T210847Z-gpt-5.5-Agent,5,1c895e10ab0e31ab2d6701a8dd71c0809f016b4b,053f8b91337933edb741eb096a3329c70275ba39,1,41,10,1.67,1.67,4,8,1.33,3,73.17,0.0,2.0,2.0,2,1,A,2.4,30
001_binary_search,ALG,codex,gpt-5.5,20260628T210847Z,codex-exp/20260628T210847Z-gpt-5.5-Agent,6,58e5ec49a475991b8b28f8ea8735ab857549055b,fd200983c7f4c4556620adaf9459c142e95f53c3,1,40,10,1.67,1.67,4,7,1.17,2,50.0,0.0,2.0,2.0,2,1,A,1.7,20
001_binary_search,ALG,codex,gpt-5.5,20260628T210847Z,codex-exp/20260628T210847Z-gpt-5.5-Agent,7,a6a8e4f1c0b7e482ee2ce5bf6108bfce569b4e37,abba0210c200d0fe48ece153ca9f209ad1539a66,1,43,11,1.57,1.71,4,7,1.0,2,46.51,0.0,2.0,2.0,2,1,A,1.6,20
001_binary_search,ALG,codex,gpt-5.5,20260628T210847Z,codex-exp/20260628T210847Z-gpt-5.5-Agent,8,16f35bc8de4da4f6e234410d016a49a9430e4ea7,2d4d919ba7fa6b44ce1d485bfd00aadfff12c70b,1,43,11,1.57,1.57,4,7,1.0,2,46.51,0.0,2.0,2.0,2,1,A,1.6,20
001_binary_search,ALG,codex,gpt-5.5,20260628T210847Z,codex-exp/20260628T210847Z-gpt-5.5-Agent,9,708f6537507d65bd5d09818312b62717495500fb,13640aa8dd132125bb9ddb93fb99e352260addc5,1,40,10,1.67,1.67,4,7,1.17,2,50.0,0.0,2.0,2.0,2,1,A,1.7,20
001_binary_search,ALG,codex,gpt-5.5,20260628T210847Z,codex-exp/20260628T210847Z-gpt-5.5-Agent,10,3eea3848cda7cdd52439da2300ce5aaf68d29467,41acff09c04bb9bb21a156f47096bf74513ce59a,1,40,10,1.67,1.67,4,7,1.17,2,50.0,0.0,2.0,2.0,2,1,A,1.7,20
001_binary_search,ALG,codex,gpt-5.5,20260628T211433Z,codex-exp/20260628T211433Z-gpt-5.5-Agent,0,809c7caa070009cbae5511391d918c8d994502f6,f62bb424a918cc85670cd5eab45ad71ba1189921,1,24,6,3.0,3.0,4,8,4.0,7,291.67,0.0,2.0,2.0,2,1,B,6.5,47
001_binary_search,ALG,codex,gpt-5.5,20260628T211433Z,codex-exp/20260628T211433Z-gpt-5.5-Agent,1,3787a6b3a47a1a58eb04460c65fb474c5ec58ca1,445c6a93720f4bb5993da0a43aa5f9c6a9b01a75,1,33,7,2.33,2.33,4,8,2.67,3,90.91,0.0,2.0,2.0,2,1,A,3.0,30
001_binary_search,ALG,codex,gpt-5.5,20260628T211433Z,codex-exp/20260628T211433Z-gpt-5.5-Agent,2,f9f842c5a1170de922ef5e0c28579a7705da11ca,5c6b53e76cd54a1ce9ea13db4e29bcbe1d1021b7,1,40,9,1.8,1.8,4,7,1.4,2,50.0,0.0,2.0,2.0,2,1,A,1.7,20
001_binary_search,ALG,codex,gpt-5.5,20260628T211433Z,codex-exp/20260628T211433Z-gpt-5.5-Agent,3,9d6add94961fcfb4ec133f3b1f529379455cef5b,e788f26a257076bf9f71d4b1ec69cdee4d0f9e62,1,48,11,1.57,1.71,4,7,1.0,3,62.5,0.0,3.0,3.0,3,2,A,1.7,25
001_binary_search,ALG,codex,gpt-5.5,20260628T211433Z,codex-exp/20260628T211433Z-gpt-5.5-Agent,4,5729d2a70abb8e35f1bd3af7eb25f9852886524f,4644952f170dd7f99a54fbcbcbab87d9d08e6f6a,2,50,12,1.5,1.62,4,7,0.88,3,60.0,0.0,3.0,3.0,3,2,A,2.0,30
001_binary_search,ALG,codex,gpt-5.5,20260628T211433Z,codex-exp/20260628T211433Z-gpt-5.5-Agent,5,9c9514457d76219ac9346f866e06847ead236c7c,4644952f170dd7f99a54fbcbcbab87d9d08e6f6a,2,50,12,1.5,1.62,4,7,0.88,3,60.0,0.0,3.0,3.0,3,2,A,2.0,30
001_binary_search,ALG,codex,gpt-5.5,20260628T211433Z,codex-exp/20260628T211433Z-gpt-5.5-Agent,6,422a4bf7b7df77e67fe37dd6f506a4f4eebcee1b,3057372b1a04886c80624ffdc7d966279ef5c606,3,79,18,1.5,1.58,4,9,0.75,5,63.29,0.0,3.0,3.0,3,3,A,2.1,50
001_binary_search,ALG,codex,gpt-5.5,20260628T211433Z,codex-exp/20260628T211433Z-gpt-5.5-Agent,7,ea6b16f0a68fac9715f9ba1304ba6687ada9fb7f,3057372b1a04886c80624ffdc7d966279ef5c606,3,79,18,1.5,1.58,4,9,0.75,5,63.29,0.0,3.0,3.0,3,3,A,2.1,50
001_binary_search,ALG,codex,gpt-5.5,20260628T211433Z,codex-exp/20260628T211433Z-gpt-5.5-Agent,8,821263e7e1a746aac1c803c03908bf939bf1ab1c,3057372b1a04886c80624ffdc7d966279ef5c606,3,79,18,1.5,1.58,4,9,0.75,5,63.29,0.0,3.0,3.0,3,3,A,2.1,50
001_binary_search,ALG,codex,gpt-5.5,20260628T211433Z,codex-exp/20260628T211433Z-gpt-5.5-Agent,9,8d85e76530815655cc8950ae208ab88240fe33ce,3057372b1a04886c80624ffdc7d966279ef5c606,3,79,18,1.5,1.58,4,9,0.75,5,63.29,0.0,3.0,3.0,3,3,A,2.1,50
001_binary_search,ALG,codex,gpt-5.5,20260628T211433Z,codex-exp/20260628T211433Z-gpt-5.5-Agent,10,4d8e47156c3d15b11d89244027442d80e9fef367,3057372b1a04886c80624ffdc7d966279ef5c606,3,79,18,1.5,1.58,4,9,0.75,5,63.29,0.0,3.0,3.0,3,3,A,2.1,50
001_binary_search,ALG,codex,gpt-5.5,20260628T225045Z,codex-exp/20260628T225045Z-gpt-5.5-high-Agent,0,809c7caa070009cbae5511391d918c8d994502f6,f62bb424a918cc85670cd5eab45ad71ba1189921,1,24,6,3.0,3.0,4,8,4.0,7,291.67,0.0,2.0,2.0,2,1,B,6.5,47
001_binary_search,ALG,codex,gpt-5.5,20260628T225045Z,codex-exp/20260628T225045Z-gpt-5.5-high-Agent,1,f02c66c31c7174fe3033c103ba2d7319608e62c4,bf934f64b18eb8c64e1d2b44eb1d15dd01813749,2,29,7,2.33,2.33,4,8,2.67,7,241.38,0.0,1.0,1.0,1,2,B,6.0,52
001_binary_search,ALG,codex,gpt-5.5,20260628T225045Z,codex-exp/20260628T225045Z-gpt-5.5-high-Agent,2,30dfa892ecfc93a96909c077e66392a4df07a06a,9711f7b03910823f4017043c0909934af8fb928e,2,31,8,2.0,2.0,4,8,2.0,6,193.55,0.0,1.5,1.5,2,2,B,5.4,50
001_binary_search,ALG,codex,gpt-5.5,20260628T225045Z,codex-exp/20260628T225045Z-gpt-5.5-high-Agent,3,c3221b5861232fa2f2c1c0a53aef17b47a751547,4694ff479ac8efc93d7097314a80308a6bd0d078,2,50,18,3.0,3.0,7,16,2.67,6,120.0,0.0,1.5,1.5,2,2,A,3.3,50
001_binary_search,ALG,codex,gpt-5.5,20260628T225045Z,codex-exp/20260628T225045Z-gpt-5.5-high-Agent,4,441071678a696e2ea424aaf9a3e101dbb7fc34d1,958fe0547bf2d59dbe50dc570d27472854b6d3d3,2,50,18,3.0,3.0,7,16,2.67,6,120.0,0.0,1.5,1.5,2,2,A,3.3,50
001_binary_search,ALG,codex,gpt-5.5,20260628T225045Z,codex-exp/20260628T225045Z-gpt-5.5-high-Agent,5,d620b88aad3487cac4abd6d25476feeeb0770692,f82c9bbcb6962e8cceb3c29b5602a6ecc46cacbd,2,67,23,2.3,2.3,7,17,1.7,6,89.55,0.0,1.5,1.5,2,2,A,2.5,50
001_binary_search,ALG,codex,gpt-5.5,20260628T225045Z,codex-exp/20260628T225045Z-gpt-5.5-high-Agent,6,79a00815a8860fa58f69889b5dd59c2a66ad09f4,7c25d65fad546e2b471952fc4ead9d68d40a972e,2,67,23,2.3,2.3,7,17,1.7,6,89.55,0.0,1.5,1.5,2,2,A,2.5,50
001_binary_search,ALG,codex,gpt-5.5,20260628T225045Z,codex-exp/20260628T225045Z-gpt-5.5-high-Agent,7,3f0d0f934f05dc17a337d4ce456ef8782f28717f,db389bcc64e866c827a4e81ea9fc2b50baefa60a,2,87,29,1.93,1.93,7,18,1.2,6,68.97,0.0,1.5,1.5,2,2,A,1.9,50
001_binary_search,ALG,codex,gpt-5.5,20260628T225045Z,codex-exp/20260628T225045Z-gpt-5.5-high-Agent,8,21ab24d26090192727a1b6ad664f10b3c28a01ce,003ed2839c1cca6c02cb78109d04957b3e94b564,2,80,27,1.8,1.8,7,13,0.87,6,75.0,0.0,1.5,1.5,2,2,A,2.1,50
001_binary_search,ALG,codex,gpt-5.5,20260628T225045Z,codex-exp/20260628T225045Z-gpt-5.5-high-Agent,9,3aacb54720b60c35c9194ca1b912b2e130ddd32f,d8c56aa2087056889ebdf52932900aedde652ccf,2,104,35,1.52,1.87,7,13,0.57,6,57.69,0.0,1.5,1.5,2,2,A,1.6,50
001_binary_search,ALG,codex,gpt-5.5,20260628T225045Z,codex-exp/20260628T225045Z-gpt-5.5-high-Agent,10,1d5475af9ab0cb4d9bf0e7d54c926101f41f6f29,c44b488a12907b2ed96720a704940fd6e6e1c7b3,2,106,33,1.65,1.85,6,15,0.75,6,56.6,0.0,1.75,1.0,4,4,A,1.6,50
001_binary_search,ALG,codex,gpt-5.5,20260628T232437Z,codex-exp/20260628T232437Z-gpt-5.5-Agent,0,809c7caa070009cbae5511391d918c8d994502f6,f62bb424a918cc85670cd5eab45ad71ba1189921,1,24,6,3.0,3.0,4,8,4.0,7,291.67,0.0,2.0,2.0,2,1,B,6.5,47
001_binary_search,ALG,codex,gpt-5.5,20260628T232437Z,codex-exp/20260628T232437Z-gpt-5.5-Agent,1,3677c733ab0c4889544d6990dad8f759c01fd953,c129c152af6d1f89fb606909e5a84a2b1400c9bd,1,37,9,2.25,2.5,5,9,2.25,3,81.08,0.0,2.0,2.0,2,1,A,2.7,30
001_binary_search,ALG,codex,gpt-5.5,20260628T232437Z,codex-exp/20260628T232437Z-gpt-5.5-Agent,2,683e9b9beac6aabe42faaa4130b7b5ec2cad6b67,bbbf73bc4ad9ce3cde91f39785052076ca01bdd5,1,41,10,2.0,2.2,5,9,1.8,3,73.17,0.0,2.0,2.0,2,1,A,2.4,30
001_binary_search,ALG,codex,gpt-5.5,20260628T232437Z,codex-exp/20260628T232437Z-gpt-5.5-Agent,3,ee32bf92565ae5ef044de16ce52ff8ac74677b33,9a153c013e043ac677f0ad340de124104e242feb,1,47,12,1.71,2.0,4,9,1.29,3,63.83,0.0,2.0,2.0,2,1,A,2.1,30
001_binary_search,ALG,codex,gpt-5.5,20260628T232437Z,codex-exp/20260628T232437Z-gpt-5.5-Agent,4,916b692fe75dec633037b2b47445a66de654bb64,6e5f544503d5142b4709608536a2c9303088cb80,1,44,11,1.83,2.0,4,9,1.5,3,68.18,0.0,2.0,2.0,2,1,A,2.3,30
001_binary_search,ALG,codex,gpt-5.5,20260628T232437Z,codex-exp/20260628T232437Z-gpt-5.5-Agent,5,69fac4cfd083156a2903a639635ff9c3e332fa9b,353496d0f40ee632decfbbd4f3cf1c04aa94fd24,1,46,12,1.71,1.86,4,8,1.14,2,43.48,0.0,2.0,2.0,2,1,A,1.4,20
001_binary_search,ALG,codex,gpt-5.5,20260628T232437Z,codex-exp/20260628T232437Z-gpt-5.5-Agent,6,1186319ba0a4413c6e50b609586f2fa7fb8bf030,042d935af1e09447b66e4e8a992f0541e84bf576,1,46,12,1.71,1.86,4,8,1.14,2,43.48,0.0,2.0,2.0,2,1,A,1.4,20
001_binary_search,ALG,codex,gpt-5.5,20260628T232437Z,codex-exp/20260628T232437Z-gpt-5.5-Agent,7,4b22a783fc2d791a2b1f38dd0a491901eedbb7b0,5bb88d634add6965cea5e5e098713a6b22b6d78c,1,48,13,1.62,1.75,4,8,1.0,2,41.67,0.0,2.0,2.0,2,1,A,1.4,20
001_binary_search,ALG,codex,gpt-5.5,20260628T232437Z,codex-exp/20260628T232437Z-gpt-5.5-Agent,8,3bac6643bda0b38a1570241915d46f9048659399,353496d0f40ee632decfbbd4f3cf1c04aa94fd24,1,46,12,1.71,1.86,4,8,1.14,2,43.48,0.0,2.0,2.0,2,1,A,1.4,20
001_binary_search,ALG,codex,gpt-5.5,20260628T232437Z,codex-exp/20260628T232437Z-gpt-5.5-Agent,9,218cf0ec844da3511af40d00c5cae529ca2faf3d,c08ef62a90f64ba14f648625de394114292ebc3c,1,46,12,1.71,1.86,4,8,1.14,2,43.48,0.0,2.0,2.0,2,1,A,1.4,20
001_binary_search,ALG,codex,gpt-5.5,20260628T232437Z,codex-exp/20260628T232437Z-gpt-5.5-Agent,10,4656134476c6bade11e712bfe3572b254397c311,f4fb60ccc03e90b8db2a4dd5f2fdcf391f6fe2cd,1,46,12,1.71,1.86,4,8,1.14,2,43.48,0.0,2.0,2.0,2,1,A,1.4,20
001_binary_search,ALG,codex,gpt-5.5,20260628T232945Z,codex-exp/20260628T232945Z-gpt-5.5-Agent,0,809c7caa070009cbae5511391d918c8d994502f6,f62bb424a918cc85670cd5eab45ad71ba1189921,1,24,6,3.0,3.0,4,8,4.0,7,291.67,0.0,2.0,2.0,2,1,B,6.5,47
001_binary_search,ALG,codex,gpt-5.5,20260628T232945Z,codex-exp/20260628T232945Z-gpt-5.5-Agent,1,38fb981ef87ef4baa45354a79a8ca696043e336c,4b82cad844fd046654ad06ea692a3decd3f8ad88,1,28,6,3.0,3.0,4,8,4.0,3,107.14,0.0,2.0,2.0,2,1,A,3.6,30
001_binary_search,ALG,codex,gpt-5.5,20260628T232945Z,codex-exp/20260628T232945Z-gpt-5.5-Agent,2,cbf6ca96ca161fc0adf338462ce4d85952dcc436,6a16c5e677bf92e6c0b56e1d58fb4452ef1cc55a,1,31,7,2.33,2.33,4,7,2.33,2,64.52,0.0,2.0,2.0,2,1,A,2.2,20
001_binary_search,ALG,codex,gpt-5.5,20260628T232945Z,codex-exp/20260628T232945Z-gpt-5.5-Agent,3,c8e8c3f27437a35282439d5d63efa0903b87705b,95083edfcd4fbb880bfd3a19e4c8c4889b1afdfe,1,33,8,2.0,2.0,4,7,1.75,2,60.61,0.0,2.0,2.0,2,1,A,2.0,20
001_binary_search,ALG,codex,gpt-5.5,20260628T232945Z,codex-exp/20260628T232945Z-gpt-5.5-Agent,4,305faa3a5d269a4dcd1538e67640741fc7225de5,977c3a73ceb2f66704535be73c4996dca0eb680d,1,33,8,2.0,2.0,4,7,1.75,2,60.61,0.0,2.0,2.0,2,1,A,2.0,20
001_binary_search,ALG,codex,gpt-5.5,20260628T232945Z,codex-exp/20260628T232945Z-gpt-5.5-Agent,5,4ac4c99d7c9f065da370ae443744bcae2b3296ef,db6648d2901d17360d26d46889a71736c788d25f,1,35,8,2.0,2.0,4,7,1.75,2,57.14,0.0,2.0,2.0,2,1,A,1.9,20
001_binary_search,ALG,codex,gpt-5.5,20260628T232945Z,codex-exp/20260628T232945Z-gpt-5.5-Agent,6,0f38e1654ffd942dc6658487a100f20d32fbf645,f1720e2799aa144e3360c9a5854eb80f74768875,1,35,8,2.0,2.0,4,7,1.75,2,57.14,0.0,2.0,2.0,2,1,A,1.9,20
001_binary_search,ALG,codex,gpt-5.5,20260628T232945Z,codex-exp/20260628T232945Z-gpt-5.5-Agent,7,f32c6210b8667edf7e43a82e046b1db59d9b0a1c,fa6a3c5756e11118a3bc91d912984c6a053e8ee7,1,35,8,2.0,2.0,4,7,1.75,2,57.14,0.0,2.0,2.0,2,1,A,1.9,20
001_binary_search,ALG,codex,gpt-5.5,20260628T232945Z,codex-exp/20260628T232945Z-gpt-5.5-Agent,8,b155f5b10432f74a0a70f93a549ebbaf308ff821,6fb7d0bc21b508300ff45fd1ab32c36af7b79eea,1,37,8,2.0,2.0,4,7,1.75,2,54.05,0.0,2.0,2.0,2,1,A,1.8,20
001_binary_search,ALG,codex,gpt-5.5,20260628T232945Z,codex-exp/20260628T232945Z-gpt-5.5-Agent,9,602c30a1612e118ab2f44dcabed2a47c3d0458c9,9b22d0cccc7698c7f1fc94d87ddd0da741d229dd,1,37,8,2.0,2.0,4,7,1.75,2,54.05,0.0,2.0,2.0,2,1,A,1.8,20
001_binary_search,ALG,codex,gpt-5.5,20260628T232945Z,codex-exp/20260628T232945Z-gpt-5.5-Agent,10,1f8eec425387c733847e4ba1e4950f80b86acdd9,00b9f055456a9b7df8f16f8d9377a2f69366f159,1,39,9,1.8,1.8,4,7,1.4,2,51.28,0.0,2.0,2.0,2,1,A,1.7,20
001_binary_search,ALG,codex,gpt-5.5,20260628T233506Z,codex-exp/20260628T233506Z-gpt-5.5-Agent,0,809c7caa070009cbae5511391d918c8d994502f6,f62bb424a918cc85670cd5eab45ad71ba1189921,1,24,6,3.0,3.0,4,8,4.0,7,291.67,0.0,2.0,2.0,2,1,B,6.5,47
001_binary_search,ALG,codex,gpt-5.5,20260628T233506Z,codex-exp/20260628T233506Z-gpt-5.5-Agent,1,df8330353b8345987c515bcb3aa4a0fb888c42c9,1d65fb5eb8abcc370ca9be4edeba7bdd21024b94,1,33,7,2.33,2.33,4,8,2.67,3,90.91,0.0,2.0,2.0,2,1,A,3.0,30
001_binary_search,ALG,codex,gpt-5.5,20260628T233506Z,codex-exp/20260628T233506Z-gpt-5.5-Agent,2,eb766617b94479a5457eddb8b7a88aba2e9b978e,b3d85bd3c79cdca3d61fa7cdd0485533c4bcf3aa,1,34,8,2.0,2.0,4,7,1.75,2,58.82,0.0,2.0,2.0,2,1,A,2.0,20
001_binary_search,ALG,codex,gpt-5.5,20260628T233506Z,codex-exp/20260628T233506Z-gpt-5.5-Agent,3,3a6e81718ce6a21482738ab4f84f758c47281356,aa2bf28131a892d98e306c57347f4e5301ead95c,1,39,9,1.8,1.8,4,7,1.4,2,51.28,0.0,2.0,2.0,2,1,A,1.7,20
001_binary_search,ALG,codex,gpt-5.5,20260628T233506Z,codex-exp/20260628T233506Z-gpt-5.5-Agent,4,73f91cdf1aa74fa271ff919363c62e518aae55bb,6a904781ae9edfc047db341b24295ceb86b72707,1,46,11,1.57,1.57,4,7,1.0,2,43.48,0.0,3.0,3.0,3,2,A,1.4,20
001_binary_search,ALG,codex,gpt-5.5,20260628T233506Z,codex-exp/20260628T233506Z-gpt-5.5-Agent,5,e24e3ef828d52c6f5d582bea607cfcd7b745d905,fc75b6fac2ea2e7eed485a5a6f0c3b975ee696ab,1,49,12,1.5,1.62,4,7,0.88,2,40.82,0.0,3.0,3.0,3,2,A,1.4,20
001_binary_search,ALG,codex,gpt-5.5,20260628T233506Z,codex-exp/20260628T233506Z-gpt-5.5-Agent,6,f2d6e5c1b1cbc3c97967e48c0d40ba5ee07aeb69,533de524f95e357c6f77101ecb86fdfa2430436c,1,49,12,1.5,1.62,4,7,0.88,2,40.82,0.0,3.0,3.0,3,2,A,1.4,20
001_binary_search,ALG,codex,gpt-5.5,20260628T233506Z,codex-exp/20260628T233506Z-gpt-5.5-Agent,7,42081d5e9eddc86f50af132c44f19115c4864fb4,c106eb4109e5db94f4689be48b3628d00e09fc45,1,49,12,1.5,1.62,4,7,0.88,2,40.82,0.0,3.0,3.0,3,2,A,1.4,20
001_binary_search,ALG,codex,gpt-5.5,20260628T233506Z,codex-exp/20260628T233506Z-gpt-5.5-Agent,8,4fc390dbdbf6f2e648dc14f630f36c98bef6baa3,25b64fccdb37bf532d9dc80c8830e11ebe7be893,1,51,13,1.44,1.56,4,7,0.78,2,39.22,0.0,3.0,3.0,3,2,A,1.3,20
001_binary_search,ALG,codex,gpt-5.5,20260628T233506Z,codex-exp/20260628T233506Z-gpt-5.5-Agent,9,bd4a4bbc76e620e5a1bc54dd186cf82b4f7d4174,25b64fccdb37bf532d9dc80c8830e11ebe7be893,1,51,13,1.44,1.56,4,7,0.78,2,39.22,0.0,3.0,3.0,3,2,A,1.3,20
001_binary_search,ALG,codex,gpt-5.5,20260628T233506Z,codex-exp/20260628T233506Z-gpt-5.5-Agent,10,324aa5a0cb1c6d421711c630ab41a31c769e5b6c,9355217cdad18a0b22ad9139dcbd687e9d3e1075,2,51,13,1.44,1.56,4,7,0.78,3,58.82,0.0,3.0,3.0,3,2,A,2.0,30
001_binary_search,ALG,codex,gpt-5.5,20260628T234036Z,codex-exp/20260628T234036Z-gpt-5.5-Agent,0,809c7caa070009cbae5511391d918c8d994502f6,f62bb424a918cc85670cd5eab45ad71ba1189921,1,24,6,3.0,3.0,4,8,4.0,7,291.67,0.0,2.0,2.0,2,1,B,6.5,47
001_binary_search,ALG,codex,gpt-5.5,20260628T234036Z,codex-exp/20260628T234036Z-gpt-5.5-Agent,1,13dbcd9675a6957ffd7ac7527812b452e89467ac,8fccf583c0fb0467ea516b71bc51120cfa74c7a9,1,48,12,1.5,1.62,4,8,1.0,3,62.5,0.0,2.5,2.5,3,2,A,2.1,30
001_binary_search,ALG,codex,gpt-5.5,20260628T234036Z,codex-exp/20260628T234036Z-gpt-5.5-Agent,2,a1ab5dabf7b747996cedf47f68b1624b49095e12,c4ce19648a996ec1bb10ccaee47c9f9ac4779bdb,2,104,23,1.53,1.6,4,12,0.8,5,48.08,0.0,2.5,2.5,4,4,A,1.6,50
001_binary_search,ALG,codex,gpt-5.5,20260628T234036Z,codex-exp/20260628T234036Z-gpt-5.5-Agent,3,ee7ea1f93ec693c9ba1030d8e8d24e9be3751e18,247489a346752e7efb87d040449256628dfa9fae,3,104,23,1.53,1.6,4,12,0.8,6,57.69,0.0,2.5,2.5,4,4,A,1.9,60
001_binary_search,ALG,codex,gpt-5.5,20260628T234036Z,codex-exp/20260628T234036Z-gpt-5.5-Agent,4,db3c27264fc91badb5cb522aea51496ff123c8fe,64c6f712a848c6d04d6c336c0125308e3c06f318,3,124,25,1.56,1.69,4,13,0.81,6,48.39,0.0,2.5,2.5,4,4,A,1.6,60
001_binary_search,ALG,codex,gpt-5.5,20260628T234036Z,codex-exp/20260628T234036Z-gpt-5.5-Agent,5,9096c1591b843c9d5c3acf9a599d67223568cc3c,c1704911aa4b77d3abd18276d64c4289fffb8c40,3,124,25,1.56,1.69,4,13,0.81,6,48.39,0.0,2.5,2.5,4,4,A,1.6,60
001_binary_search,ALG,codex,gpt-5.5,20260628T234036Z,codex-exp/20260628T234036Z-gpt-5.5-Agent,6,136563963ecdfbe5f5ec271e04928bd3ccb17254,937503717091eb49f07bc73409f2e483c7ad426e,3,126,26,1.53,1.65,4,12,0.71,5,39.68,0.0,2.75,3.0,4,4,A,1.3,50
001_binary_search,ALG,codex,gpt-5.5,20260628T234036Z,codex-exp/20260628T234036Z-gpt-5.5-Agent,7,c7fc55ed1dec700e0747375dcd2d7e34b209863b,2d941f3b8623628ce17fd71e291931924e42179d,3,132,28,1.47,1.58,4,12,0.63,5,37.88,0.0,2.75,3.0,4,4,A,1.3,50
001_binary_search,ALG,codex,gpt-5.5,20260628T234036Z,codex-exp/20260628T234036Z-gpt-5.5-Agent,8,3a2707e3ddcd8ace7b22fc72819baba976949fe1,2e0a498d59172e92a98746d65bc998a0f88d848d,3,135,29,1.45,1.55,4,12,0.6,5,37.04,0.0,2.75,3.0,4,4,A,1.2,50
001_binary_search,ALG,codex,gpt-5.5,20260628T234036Z,codex-exp/20260628T234036Z-gpt-5.5-Agent,9,b8dc96d5e5a77b4a8ebc52d3dff4177699213f52,8d44788568a1672ed5a3b61e7b3457ad5a97b734,3,136,29,1.45,1.55,4,12,0.6,5,36.76,0.0,2.75,3.0,4,4,A,1.2,50
001_binary_search,ALG,codex,gpt-5.5,20260628T234036Z,codex-exp/20260628T234036Z-gpt-5.5-Agent,10,a410b8bd9aefdb24a7e9e1599e106f7dd16de3b1,a9a214c7730638c42029ee57be0f7796f901895b,3,139,30,1.43,1.52,4,12,0.57,5,35.97,0.0,2.75,3.0,4,4,A,1.2,50
001_binary_search,ALG,codex,gpt-5.5,20260628T234856Z,codex-exp/20260628T234856Z-gpt-5.5-Agent,0,809c7caa070009cbae5511391d918c8d994502f6,f62bb424a918cc85670cd5eab45ad71ba1189921,1,24,6,3.0,3.0,4,8,4.0,7,291.67,0.0,2.0,2.0,2,1,B,6.5,47
001_binary_search,ALG,codex,gpt-5.5,20260628T234856Z,codex-exp/20260628T234856Z-gpt-5.5-Agent,1,907aba19e56a3d3196adb290e9843ff0b347b0d6,b2a30e000a9549bfa9ec9145f52b53a8f2bb78c9,1,29,6,3.0,3.0,4,8,4.0,3,103.45,0.0,2.0,2.0,2,1,A,3.4,30
001_binary_search,ALG,codex,gpt-5.5,20260628T234856Z,codex-exp/20260628T234856Z-gpt-5.5-Agent,2,71ca362b1dccbbbebf8529a65a0fe790dd255594,024dcd9473f9937aede8d7d7fe8f853faca73189,1,38,9,1.8,1.8,4,7,1.4,2,52.63,0.0,2.0,2.0,2,1,A,1.8,20
001_binary_search,ALG,codex,gpt-5.5,20260628T234856Z,codex-exp/20260628T234856Z-gpt-5.5-Agent,3,b59884957987a1dd83b9a8c81924fbc43ce92551,faa14022ed95ba9d49b66702b6b185011ee425f2,1,40,9,1.8,1.8,4,7,1.4,2,50.0,0.0,2.0,2.0,2,1,A,1.7,20
001_binary_search,ALG,codex,gpt-5.5,20260628T234856Z,codex-exp/20260628T234856Z-gpt-5.5-Agent,4,5b4f61a59b89b34a6744d6030b8fb1b378e234c7,8b5854fe7c0520952b5e254c7ff000114d0c4322,1,43,10,1.67,1.67,4,7,1.17,2,46.51,0.0,2.0,2.0,2,1,A,1.6,20
001_binary_search,ALG,codex,gpt-5.5,20260628T234856Z,codex-exp/20260628T234856Z-gpt-5.5-Agent,5,a53043950d3a3bf732cb25dab109cc80f9511bf3,048cd3c80d802427f86274b7b19700a0a80219a7,1,62,15,1.36,1.45,4,7,0.64,2,32.26,0.0,2.5,2.5,3,2,A,1.1,20
001_binary_search,ALG,codex,gpt-5.5,20260628T234856Z,codex-exp/20260628T234856Z-gpt-5.5-Agent,6,ad4b3cfe0ee2051d5d1707d09ba34d9fef0f0725,2484c1cbfce6e9d25a67f650ba5fe0be873ebae6,1,76,18,1.64,1.73,5,6,0.55,2,26.32,0.0,2.0,2.0,4,3,A,0.9,20
001_binary_search,ALG,codex,gpt-5.5,20260628T234856Z,codex-exp/20260628T234856Z-gpt-5.5-Agent,7,7a7ae654894c632c25c7bc6ced11dd322f7e2baf,00500fe59cbb61b060a180e3263e8396b2af05a2,1,80,20,1.54,1.62,5,6,0.46,2,25.0,0.0,2.33,2.0,4,3,A,0.8,20
001_binary_search,ALG,codex,gpt-5.5,20260628T234856Z,codex-exp/20260628T234856Z-gpt-5.5-Agent,8,d680771fab93b1334bdb3ef81db0a91d5392fa7f,cea36407339246ba191df36f37c3dee0d9b5f667,1,80,21,1.5,1.57,5,6,0.43,2,25.0,0.0,2.33,2.0,4,3,A,0.8,20
001_binary_search,ALG,codex,gpt-5.5,20260628T234856Z,codex-exp/20260628T234856Z-gpt-5.5-Agent,9,1a26c08582cd8487fc313a36cb2ca2b987ed9256,cbbb4ad6a7ab03598a4f7787b50686bfd3e5cd6d,1,87,24,1.5,1.62,4,7,0.44,2,22.99,0.0,2.67,3.0,4,3,A,0.8,20
001_binary_search,ALG,codex,gpt-5.5,20260628T234856Z,codex-exp/20260628T234856Z-gpt-5.5-Agent,10,919ae8e9ab115c803b3031f9135306c436485d17,96078503b572d9c592b6a848d38422a54f01403b,1,91,25,1.47,1.59,4,7,0.41,2,21.98,0.0,3.0,3.0,5,4,A,0.7,20
001_binary_search,ALG,codex,gpt-5.5,20260628T235746Z,codex-exp/20260628T235746Z-gpt-5.5-Agent,0,809c7caa070009cbae5511391d918c8d994502f6,f62bb424a918cc85670cd5eab45ad71ba1189921,1,24,6,3.0,3.0,4,8,4.0,7,291.67,0.0,2.0,2.0,2,1,B,6.5,47
001_binary_search,ALG,codex,gpt-5.5,20260628T235746Z,codex-exp/20260628T235746Z-gpt-5.5-Agent,1,b5a5a4d1a55dcdaa8a21210fab167c744ce39c9c,7b522d7a10182eb24a0a3e1297600be384a293eb,1,31,7,2.33,2.33,4,8,2.67,3,96.77,0.0,2.0,2.0,2,1,A,3.2,30
001_binary_search,ALG,codex,gpt-5.5,20260628T235746Z,codex-exp/20260628T235746Z-gpt-5.5-Agent,2,cd7987a828e1569fae6812697bb134d23705e5e1,84c4e42e4a3db0a9172751dfd6af2bb2b8539844,1,34,8,2.0,2.0,4,7,1.75,2,58.82,0.0,2.0,2.0,2,1,A,2.0,20
001_binary_search,ALG,codex,gpt-5.5,20260628T235746Z,codex-exp/20260628T235746Z-gpt-5.5-Agent,3,2e225ad2f1717d205517ffa97b4ae6a414619364,61062f9cf9f1d6361db15c300737db0c00562702,1,36,9,1.8,1.8,4,7,1.4,2,55.56,0.0,2.0,2.0,2,1,A,1.9,20
001_binary_search,ALG,codex,gpt-5.5,20260628T235746Z,codex-exp/20260628T235746Z-gpt-5.5-Agent,4,d6eaa5ee2d86360b7601daa1b836280ce941af78,e3d42bc9c1dd376027f726a1ea0ca6fdee8a717d,1,45,12,1.5,1.5,4,7,0.88,2,44.44,0.0,2.0,2.0,2,1,A,1.5,20
001_binary_search,ALG,codex,gpt-5.5,20260628T235746Z,codex-exp/20260628T235746Z-gpt-5.5-Agent,5,5fff158863741146553e95bac855597ba0fa12d0,f743d186cbccd312f580c1a4c05da70471b84121,1,48,13,1.44,1.44,4,7,0.78,2,41.67,0.0,2.0,2.0,2,1,A,1.4,20
001_binary_search,ALG,codex,gpt-5.5,20260628T235746Z,codex-exp/20260628T235746Z-gpt-5.5-Agent,6,0720849dba37f4e7e3a57970c86cc695d53e4061,ab4fdc059be6ae280c022f519a458fb98e576308,1,42,11,1.57,1.57,4,7,1.0,2,47.62,0.0,2.0,2.0,2,1,A,1.6,20
001_binary_search,ALG,codex,gpt-5.5,20260628T235746Z,codex-exp/20260628T235746Z-gpt-5.5-Agent,7,d34706842342fb6d82e01e592c896a934b5081d9,06009d34fef0fca18b94fe14dc616b41761448b9,1,42,11,1.57,1.57,4,7,1.0,2,47.62,0.0,2.0,2.0,2,1,A,1.6,20
001_binary_search,ALG,codex,gpt-5.5,20260628T235746Z,codex-exp/20260628T235746Z-gpt-5.5-Agent,8,d31bbfa8f68242e942d025f73e4029ccbfad5435,239fdfc2e8b9c2a04e5c1c616d5964394bdd1b44,1,42,11,1.57,1.57,4,7,1.0,2,47.62,0.0,2.0,2.0,2,1,A,1.6,20
001_binary_search,ALG,codex,gpt-5.5,20260628T235746Z,codex-exp/20260628T235746Z-gpt-5.5-Agent,9,7bd49ab2ad39aa767b4c9ae7167533c483858d50,389e245a74e0dab2a3f15945b4fe1cecf6128ad6,1,42,11,1.57,1.57,4,7,1.0,2,47.62,0.0,2.0,2.0,2,1,A,1.6,20
001_binary_search,ALG,codex,gpt-5.5,20260628T235746Z,codex-exp/20260628T235746Z-gpt-5.5-Agent,10,55ae8424e18777e9cb9b2af1c44e7d834041e1cc,ce97a53e06b75593468560cec6fe5033e26bb4e7,1,42,11,1.57,1.57,4,7,1.0,2,47.62,0.0,2.0,2.0,2,1,A,1.6,20
001_binary_search,ALG,codex,gpt-5.5,20260629T000305Z,codex-exp/20260629T000305Z-gpt-5.5-Agent,0,809c7caa070009cbae5511391d918c8d994502f6,f62bb424a918cc85670cd5eab45ad71ba1189921,1,24,6,3.0,3.0,4,8,4.0,7,291.67,0.0,2.0,2.0,2,1,B,6.5,47
001_binary_search,ALG,codex,gpt-5.5,20260629T000305Z,codex-exp/20260629T000305Z-gpt-5.5-Agent,1,d2aae64c389d9ccfd51e02db03276a54708c4298,e545c2313e61950e9cb33500ebd7f7bb0844fb4b,1,33,7,2.33,2.33,4,8,2.67,3,90.91,0.0,2.0,2.0,2,1,A,3.0,30
001_binary_search,ALG,codex,gpt-5.5,20260629T000305Z,codex-exp/20260629T000305Z-gpt-5.5-Agent,2,049f8d354333d289c362e579e5c82cc56fcc1580,c33e16b35aaf32099d0ab093269452305406b13d,1,32,7,2.33,2.33,4,7,2.33,2,62.5,0.0,2.0,2.0,2,1,A,2.1,20
001_binary_search,ALG,codex,gpt-5.5,20260629T000305Z,codex-exp/20260629T000305Z-gpt-5.5-Agent,3,168b6fe23defe8e7196a8e0c2439ab13f350e0fe,27bf76d2e988266fe36abb4402c3192c4969902a,1,34,7,2.33,2.33,4,7,2.33,2,58.82,0.0,2.0,2.0,2,1,A,2.0,20
001_binary_search,ALG,codex,gpt-5.5,20260629T000305Z,codex-exp/20260629T000305Z-gpt-5.5-Agent,4,d64e4785f2c365d9d5de38eed2a7088ae479686c,0254b9502224a78fd483464ce34ac178d90ee4cc,1,36,7,2.33,2.33,4,7,2.33,2,55.56,0.0,2.0,2.0,2,1,A,1.9,20
001_binary_search,ALG,codex,gpt-5.5,20260629T000305Z,codex-exp/20260629T000305Z-gpt-5.5-Agent,5,b47dd5debab1e4dfaa0944dc0d07679719d11c98,67c0f9cf0ce8fffeec2f9ef0aefa6b0f9eb9729b,1,38,8,2.0,2.0,4,7,1.75,2,52.63,0.0,2.0,2.0,2,1,A,1.8,20
001_binary_search,ALG,codex,gpt-5.5,20260629T000305Z,codex-exp/20260629T000305Z-gpt-5.5-Agent,6,68589bddd74c8504a692180276a5764703a0e8bf,67c0f9cf0ce8fffeec2f9ef0aefa6b0f9eb9729b,1,38,8,2.0,2.0,4,7,1.75,2,52.63,0.0,2.0,2.0,2,1,A,1.8,20
001_binary_search,ALG,codex,gpt-5.5,20260629T000305Z,codex-exp/20260629T000305Z-gpt-5.5-Agent,7,5664060fda13b2cf862b8c510f1f8da92ea501b4,67c0f9cf0ce8fffeec2f9ef0aefa6b0f9eb9729b,1,38,8,2.0,2.0,4,7,1.75,2,52.63,0.0,2.0,2.0,2,1,A,1.8,20
001_binary_search,ALG,codex,gpt-5.5,20260629T000305Z,codex-exp/20260629T000305Z-gpt-5.5-Agent,8,671600ccb60072535eac4144b33d05cd052f93bb,4e9999bcb22dd9dd67787cbb062b133fccb2ea3a,1,46,10,1.67,1.67,4,7,1.17,2,43.48,0.0,2.5,2.5,3,2,A,1.4,20
001_binary_search,ALG,codex,gpt-5.5,20260629T000305Z,codex-exp/20260629T000305Z-gpt-5.5-Agent,9,ef5de9430c36be676ac733fe65557e7bccc0f8ec,df671b365f09b0a901c0f4ba7babc5666a59f064,1,45,10,1.67,1.67,4,7,1.17,2,44.44,0.0,2.5,2.5,3,2,A,1.5,20
001_binary_search,ALG,codex,gpt-5.5,20260629T000305Z,codex-exp/20260629T000305Z-gpt-5.5-Agent,10,74ef5e58b2ee03779f61fb3bb83e3a418bf9228d,42025a9a82a040be57679b6e089a808f4161d62c,1,48,11,1.57,1.57,4,7,1.0,2,41.67,0.0,3.0,3.0,3,2,A,1.4,20
001_binary_search,ALG,codex,gpt-5.5,20260629T000803Z,codex-exp/20260629T000803Z-gpt-5.5-Agent,0,809c7caa070009cbae5511391d918c8d994502f6,f62bb424a918cc85670cd5eab45ad71ba1189921,1,24,6,3.0,3.0,4,8,4.0,7,291.67,0.0,2.0,2.0,2,1,B,6.5,47
001_binary_search,ALG,codex,gpt-5.5,20260629T000803Z,codex-exp/20260629T000803Z-gpt-5.5-Agent,1,e6f465108e8e86a218f11767430b5bc8debfec94,7714427791eeba7631045fb3f9f43c7e50b4e713,1,37,9,2.25,2.25,5,8,2.0,2,54.05,0.0,2.0,2.0,2,1,A,1.8,20
001_binary_search,ALG,codex,gpt-5.5,20260629T000803Z,codex-exp/20260629T000803Z-gpt-5.5-Agent,2,65cd7dd4caeffccc14afa711c24504649188c3a9,414b46d497b8cbed2b4e0aeaf7ed5b97e7e56f6b,1,42,10,2.0,2.0,5,8,1.6,2,47.62,0.0,2.0,2.0,2,1,A,1.6,20
001_binary_search,ALG,codex,gpt-5.5,20260629T000803Z,codex-exp/20260629T000803Z-gpt-5.5-Agent,3,4aeeed70daa5507c93e913f96078620474e91829,899a277ac8d664f192eec2dc9dfded1c3d2fa98a,1,51,13,1.62,1.62,4,8,1.0,2,39.22,0.0,2.0,2.0,2,1,A,1.3,20
001_binary_search,ALG,codex,gpt-5.5,20260629T000803Z,codex-exp/20260629T000803Z-gpt-5.5-Agent,4,eca4ee5a8473af5348f0e6a35400b7ef55bb13a9,1097e220d6453b39038010da906a259fc45b081a,1,55,14,1.56,1.67,4,8,0.89,2,36.36,0.0,2.0,2.0,2,1,A,1.2,20
001_binary_search,ALG,codex,gpt-5.5,20260629T000803Z,codex-exp/20260629T000803Z-gpt-5.5-Agent,5,0c6c103b29e9ebd3f733a5f97f797bb092688335,c1f6bc599239f2eabb417080af809343605f3c05,1,67,17,1.42,1.5,4,8,0.67,2,29.85,0.0,2.0,2.0,3,2,A,1.0,20
001_binary_search,ALG,codex,gpt-5.5,20260629T000803Z,codex-exp/20260629T000803Z-gpt-5.5-Agent,6,9af923c066796a09aebdb87ff1e54be252439706,722656df0a90cd29b0ba46e4b8dd19b9047323c5,1,76,20,1.33,1.4,4,8,0.53,2,26.32,0.0,2.0,2.0,3,2,A,0.9,20
001_binary_search,ALG,codex,gpt-5.5,20260629T000803Z,codex-exp/20260629T000803Z-gpt-5.5-Agent,7,4407b8394cd97d30464e48ac40cdddca8c0b4180,3b7496de8bfb720a176d3fd6b773b7661abf0d84,1,80,21,1.4,1.47,4,9,0.6,2,25.0,0.0,2.0,2.0,3,2,A,0.8,20
001_binary_search,ALG,codex,gpt-5.5,20260629T000803Z,codex-exp/20260629T000803Z-gpt-5.5-Agent,8,76953c2425b366e622c380192684d8e71000d609,eab59709a6d0b20f254662cd6b3a4d9dc7b6d9a1,1,80,21,1.4,1.47,4,9,0.6,2,25.0,0.0,2.0,2.0,3,2,A,0.8,20
001_binary_search,ALG,codex,gpt-5.5,20260629T000803Z,codex-exp/20260629T000803Z-gpt-5.5-Agent,9,2d7da06b8f019f0ffb5c1a92bc9a3fe1aff41b45,c0085354f64cd03188125c5b6e7c16a83ea619bd,2,80,21,1.4,1.47,4,9,0.6,3,37.5,0.0,2.0,2.0,3,2,A,1.3,30
001_binary_search,ALG,codex,gpt-5.5,20260629T000803Z,codex-exp/20260629T000803Z-gpt-5.5-Agent,10,c1d3beb20206e193070f141f1107d5d7e4ff0348,842d62fea81dbc99d4315edc62f3373d60ed03c8,3,87,23,1.35,1.41,4,9,0.53,4,45.98,0.0,3.0,4.0,4,3,A,1.5,40
001_binary_search,ALG,codex,gpt-5.5,20260629T001552Z,codex-exp/20260629T001552Z-gpt-5.5-Agent,0,809c7caa070009cbae5511391d918c8d994502f6,f62bb424a918cc85670cd5eab45ad71ba1189921,1,24,6,3.0,3.0,4,8,4.0,7,291.67,0.0,2.0,2.0,2,1,B,6.5,47
001_binary_search,ALG,codex,gpt-5.5,20260629T001552Z,codex-exp/20260629T001552Z-gpt-5.5-Agent,1,b002bcaa1afae5b7e365d43e86ef396888f654ab,4a658d2e433c9b549d17199514f30114b5ff8acd,1,36,8,2.0,2.0,4,8,2.0,3,83.33,0.0,2.0,2.0,2,1,A,2.8,30
001_binary_search,ALG,codex,gpt-5.5,20260629T001552Z,codex-exp/20260629T001552Z-gpt-5.5-Agent,2,e7f8aa03aaeeb06fe161bd33b714d65224a91e9f,f1601734559cbda405748679aad731d434d76677,1,65,15,1.67,1.67,4,9,1.0,2,30.77,0.0,2.5,2.5,3,2,A,1.0,20
001_binary_search,ALG,codex,gpt-5.5,20260629T001552Z,codex-exp/20260629T001552Z-gpt-5.5-Agent,3,9b58e118b7390cb8a0c1dfbb7fa792e23a810e3d,f0dfe6b81b50e33821049007ff6698f0df32eac6,2,71,16,1.6,1.7,4,11,1.1,4,56.34,0.0,2.0,2.0,4,3,A,2.3,50
001_binary_search,ALG,codex,gpt-5.5,20260629T001552Z,codex-exp/20260629T001552Z-gpt-5.5-Agent,4,57c887d6263b8090846d694d85418eebb340e1f4,f0dfe6b81b50e33821049007ff6698f0df32eac6,2,71,16,1.6,1.7,4,11,1.1,4,56.34,0.0,2.0,2.0,4,3,A,2.3,50
001_binary_search,ALG,codex,gpt-5.5,20260629T001552Z,codex-exp/20260629T001552Z-gpt-5.5-Agent,5,f0777a2cfe9d1001a780f334edc60645f22e013f,f0dfe6b81b50e33821049007ff6698f0df32eac6,2,71,16,1.6,1.7,4,11,1.1,4,56.34,0.0,2.0,2.0,4,3,A,2.3,50
001_binary_search,ALG,codex,gpt-5.5,20260629T001552Z,codex-exp/20260629T001552Z-gpt-5.5-Agent,6,d48b9fc93650e7d5d4bc275abd3973640a47936e,f0dfe6b81b50e33821049007ff6698f0df32eac6,2,71,16,1.6,1.7,4,11,1.1,4,56.34,0.0,2.0,2.0,4,3,A,2.3,50
001_binary_search,ALG,codex,gpt-5.5,20260629T001552Z,codex-exp/20260629T001552Z-gpt-5.5-Agent,7,1cf347d4c4174f7adedfde3fe9dceffb62373918,f0dfe6b81b50e33821049007ff6698f0df32eac6,2,71,16,1.6,1.7,4,11,1.1,4,56.34,0.0,2.0,2.0,4,3,A,2.3,50
001_binary_search,ALG,codex,gpt-5.5,20260629T001552Z,codex-exp/20260629T001552Z-gpt-5.5-Agent,8,6428942f85b646d18c73eb029099260658095143,f0dfe6b81b50e33821049007ff6698f0df32eac6,2,71,16,1.6,1.7,4,11,1.1,4,56.34,0.0,2.0,2.0,4,3,A,2.3,50
001_binary_search,ALG,codex,gpt-5.5,20260629T001552Z,codex-exp/20260629T001552Z-gpt-5.5-Agent,9,3bd026fcb2a88c1a5a36c60b211cb3eeb7cbc6de,f0dfe6b81b50e33821049007ff6698f0df32eac6,2,71,16,1.6,1.7,4,11,1.1,4,56.34,0.0,2.0,2.0,4,3,A,2.3,50
001_binary_search,ALG,codex,gpt-5.5,20260629T001552Z,codex-exp/20260629T001552Z-gpt-5.5-Agent,10,a8db52837340f0e3863834e64cc9ae68b3abef4b,f0dfe6b81b50e33821049007ff6698f0df32eac6,2,71,16,1.6,1.7,4,11,1.1,4,56.34,0.0,2.0,2.0,4,3,A,2.3,50
001_binary_search,ALG,codex,gpt-5.5,20260629T002125Z,codex-exp/20260629T002125Z-gpt-5.5-Agent,0,809c7caa070009cbae5511391d918c8d994502f6,f62bb424a918cc85670cd5eab45ad71ba1189921,1,24,6,3.0,3.0,4,8,4.0,7,291.67,0.0,2.0,2.0,2,1,B,6.5,47
001_binary_search,ALG,codex,gpt-5.5,20260629T002125Z,codex-exp/20260629T002125Z-gpt-5.5-Agent,1,63fbbdc1c24a74e1cc32e1ecf5a3a18feef59a5d,802bd173132854337054c5f564ed6671f7965ae9,1,30,6,3.0,3.0,4,8,4.0,3,100.0,0.0,2.0,2.0,2,1,A,3.3,30
001_binary_search,ALG,codex,gpt-5.5,20260629T002125Z,codex-exp/20260629T002125Z-gpt-5.5-Agent,2,6954ebeba0ba3cb76b0ed2f72685c202ce01fbd7,37cc94bd6d099c2e2dee2cf34918f9c5a91a779d,1,32,7,2.33,2.33,4,7,2.33,2,62.5,0.0,2.0,2.0,2,1,A,2.1,20
001_binary_search,ALG,codex,gpt-5.5,20260629T002125Z,codex-exp/20260629T002125Z-gpt-5.5-Agent,3,a6ed56892df948c789e65c6c4d1f92813f740edb,8c349b6cb1968f1da7f5f4756e298e0fc5d5bd79,1,35,8,2.0,2.0,4,7,1.75,2,57.14,0.0,2.0,2.0,2,1,A,1.9,20
001_binary_search,ALG,codex,gpt-5.5,20260629T002125Z,codex-exp/20260629T002125Z-gpt-5.5-Agent,4,8120df42df8a6b749af63bd1e7dd218f5fced878,e1d10a6ae54585ad1c5395123070c51b28eae786,1,37,8,2.0,2.0,4,7,1.75,2,54.05,0.0,2.0,2.0,2,1,A,1.8,20
001_binary_search,ALG,codex,gpt-5.5,20260629T002125Z,codex-exp/20260629T002125Z-gpt-5.5-Agent,5,8be642828da579a5a9145a85fce61de8f3508823,3b86c92d147421242012f606d325bad170e301fe,1,39,9,1.8,1.8,4,7,1.4,2,51.28,0.0,2.0,2.0,2,1,A,1.7,20
001_binary_search,ALG,codex,gpt-5.5,20260629T002125Z,codex-exp/20260629T002125Z-gpt-5.5-Agent,6,6720881300286448f3b27e1dd1e1852cdbc7a6fc,1c17bbe24e9bb9043fcca0e26dafc1f1bbd95b91,1,41,10,1.67,1.67,4,7,1.17,2,48.78,0.0,2.0,2.0,2,1,A,1.6,20
001_binary_search,ALG,codex,gpt-5.5,20260629T002125Z,codex-exp/20260629T002125Z-gpt-5.5-Agent,7,74840103d9ee1d63819547ce90099e50145d2c71,6e7eeb5b33290b27b0b8e776eebba0c1e3f35f7a,1,44,11,1.57,1.57,4,7,1.0,2,45.45,0.0,2.0,2.0,2,1,A,1.5,20
001_binary_search,ALG,codex,gpt-5.5,20260629T002125Z,codex-exp/20260629T002125Z-gpt-5.5-Agent,8,bebbf40fcf71db903b9193599333c1a4bd93b310,da8c1cff5c50de7021644f632fe8554926640258,1,44,11,1.57,1.57,4,7,1.0,2,45.45,0.0,2.0,2.0,2,1,A,1.5,20
001_binary_search,ALG,codex,gpt-5.5,20260629T002125Z,codex-exp/20260629T002125Z-gpt-5.5-Agent,9,f39a8629d08a1f553a9b0b476c886af852765e19,7c293f97c4578fe4abb0731621079ff341b76bf7,1,41,11,1.57,1.57,4,7,1.0,2,48.78,0.0,2.0,2.0,2,1,A,1.6,20
001_binary_search,ALG,codex,gpt-5.5,20260629T002125Z,codex-exp/20260629T002125Z-gpt-5.5-Agent,10,be966c7d90555be946c0d3cd4c05c5b0ba24ceff,cf390bb6cb33cf47cdc75033e1a92f5143be959a,1,41,11,1.57,1.57,4,7,1.0,2,48.78,0.0,2.0,2.0,2,1,A,1.6,20
001_binary_search,ALG,codex,gpt-5.5,20260629T003059Z,codex-exp/20260629T003059Z-gpt-5.5-Agent,0,809c7caa070009cbae5511391d918c8d994502f6,f62bb424a918cc85670cd5eab45ad71ba1189921,1,24,6,3.0,3.0,4,8,4.0,7,291.67,0.0,2.0,2.0,2,1,B,6.5,47
001_binary_search,ALG,codex,gpt-5.5,20260629T003059Z,codex-exp/20260629T003059Z-gpt-5.5-Agent,1,8f76f25cde8879a7bc39c558eb54d5ddd76747ef,3604b6318efdd29fff8744d721ac6f99940d2812,1,32,7,2.33,2.33,4,8,2.67,3,93.75,0.0,2.0,2.0,2,1,A,3.1,30
001_binary_search,ALG,codex,gpt-5.5,20260629T003059Z,codex-exp/20260629T003059Z-gpt-5.5-Agent,2,67d49e8c70629692be787bfb3466d2b505fd484a,9e829c2c4f5d5877c96b27be53bb62b8050fd5ae,1,35,8,2.0,2.0,4,8,2.0,3,85.71,0.0,2.0,2.0,2,1,A,2.9,30
001_binary_search,ALG,codex,gpt-5.5,20260629T003059Z,codex-exp/20260629T003059Z-gpt-5.5-Agent,3,007b004b057e372788bb7b9a297e9dbc49377376,7c69091f5c01ed91cffa3c966d4ed8b43bfe8453,1,34,8,2.0,2.0,4,7,1.75,2,58.82,0.0,2.0,2.0,2,1,A,2.0,20
001_binary_search,ALG,codex,gpt-5.5,20260629T003059Z,codex-exp/20260629T003059Z-gpt-5.5-Agent,4,7ce949087099106b975ed4424f35004d22b80b40,cda143bd79acd5b0d59b4182048bc52f184320a7,1,37,9,1.8,1.8,4,7,1.4,2,54.05,0.0,2.0,2.0,2,1,A,1.8,20
001_binary_search,ALG,codex,gpt-5.5,20260629T003059Z,codex-exp/20260629T003059Z-gpt-5.5-Agent,5,16d7df166a1cd04bd3764ea397a89ef17dc2e968,af511c78eaa0c40a4b143b01a5dafbc7214b7ae0,1,40,10,2.0,2.0,5,8,1.6,2,50.0,0.0,2.0,2.0,2,1,A,1.7,20
001_binary_search,ALG,codex,gpt-5.5,20260629T003059Z,codex-exp/20260629T003059Z-gpt-5.5-Agent,6,d8488b05d4b831e1d7e8798b2bc2dfdff44dee4b,429426384c2047cc13b28c4c28f53a0453f81528,1,40,10,2.0,2.0,5,8,1.6,2,50.0,0.0,2.0,2.0,2,1,A,1.7,20
001_binary_search,ALG,codex,gpt-5.5,20260629T003059Z,codex-exp/20260629T003059Z-gpt-5.5-Agent,7,c15bcc5c8a6e7fb279ed64e50eb1a8675079367e,57460a31a0d711a9aa98c9acb288add1476d4fd5,1,62,14,1.75,1.88,5,10,1.25,2,32.26,0.0,2.0,2.0,2,1,A,1.1,20
001_binary_search,ALG,codex,gpt-5.5,20260629T003059Z,codex-exp/20260629T003059Z-gpt-5.5-Agent,8,7aa99d2942ac8d0820b298b30b42266fa935a5fa,9f6fc715f380067fe355c20155af7769a55a0230,1,68,17,1.89,2.0,5,12,1.33,2,29.41,0.0,2.0,2.0,2,1,A,1.0,20
001_binary_search,ALG,codex,gpt-5.5,20260629T003059Z,codex-exp/20260629T003059Z-gpt-5.5-Agent,9,6e8e15d40ecfa7a6e9d58c1c93bc307dc0dee265,b9de3689d8e1caaa0eb1340b831e46357425cff0,1,75,21,2.1,2.2,5,15,1.5,2,26.67,0.0,2.0,2.0,2,1,A,0.9,20
001_binary_search,ALG,codex,gpt-5.5,20260629T003059Z,codex-exp/20260629T003059Z-gpt-5.5-Agent,10,d1011a7d728f3b0ec79097703583353f7385382a,43d968036034c4826578bc987aa621e93dae841e,1,81,23,1.92,2.0,5,15,1.25,2,24.69,0.0,2.0,2.0,2,1,A,0.8,20
001_binary_search,ALG,codex,gpt-5.5,20260629T003611Z,codex-exp/20260629T003611Z-gpt-5.5-Agent,0,809c7caa070009cbae5511391d918c8d994502f6,f62bb424a918cc85670cd5eab45ad71ba1189921,1,24,6,3.0,3.0,4,8,4.0,7,291.67,0.0,2.0,2.0,2,1,B,6.5,47
001_binary_search,ALG,codex,gpt-5.5,20260629T003611Z,codex-exp/20260629T003611Z-gpt-5.5-Agent,1,e5495cfc0c2a9dde06e2feb8a0092551abfe44bb,bd9dadc72799a7595d7e661ad6597d716595a5e3,1,40,10,2.0,2.0,4,8,1.6,3,75.0,0.0,2.0,2.0,2,1,A,2.5,30
001_binary_search,ALG,codex,gpt-5.5,20260629T003611Z,codex-exp/20260629T003611Z-gpt-5.5-Agent,2,fa03f6f99e69fdc2166334c4159acda3b22ef588,f32114bcc8c885a9e8bcfa5b5eb41eced3e23f03,1,46,13,1.62,1.62,4,8,1.0,2,43.48,0.0,2.0,2.0,2,1,A,1.4,20
001_binary_search,ALG,codex,gpt-5.5,20260629T003611Z,codex-exp/20260629T003611Z-gpt-5.5-Agent,3,422376d8f0fb94b3e5911aa2e4c2d43eab64ab3b,d3cfc726600370deed7f396238eb0e4d49889998,1,62,17,1.42,1.5,4,8,0.67,2,32.26,0.0,1.5,1.5,3,2,A,1.1,20
001_binary_search,ALG,codex,gpt-5.5,20260629T003611Z,codex-exp/20260629T003611Z-gpt-5.5-Agent,4,6a6076afb1f726d160bb712a225adf87bac4ff4a,2db6884bd56bb70892f0329be1de74c320d6c08a,1,67,18,1.38,1.46,4,8,0.62,2,29.85,0.0,2.33,3.0,4,3,A,1.0,20
001_binary_search,ALG,codex,gpt-5.5,20260629T003611Z,codex-exp/20260629T003611Z-gpt-5.5-Agent,5,507e46be34661cff436d577f7920f6863dbece9e,cf0b1a15554abb1664264a8806975fab0b6a65ea,1,51,14,1.56,1.56,4,8,0.89,2,39.22,0.0,3.0,3.0,3,2,A,1.3,20
001_binary_search,ALG,codex,gpt-5.5,20260629T003611Z,codex-exp/20260629T003611Z-gpt-5.5-Agent,6,7c23ca10ebc0b5cfea4ea1ad59995f2da3bf3317,4e2b4f2402b33df8481f0772817e3fcc2a06be94,1,54,15,1.5,1.6,4,8,0.8,2,37.04,0.0,3.0,3.0,3,2,A,1.2,20
001_binary_search,ALG,codex,gpt-5.5,20260629T003611Z,codex-exp/20260629T003611Z-gpt-5.5-Agent,7,bcf3863aafddb77f403c5c9804d8db5bebe1a9dd,6d4b2666aa5c0ad5d3f26bdda29a5b7c5c84d63a,1,75,21,1.31,1.38,4,8,0.5,2,26.67,0.0,3.33,4.0,4,3,A,0.9,20
001_binary_search,ALG,codex,gpt-5.5,20260629T003611Z,codex-exp/20260629T003611Z-gpt-5.5-Agent,8,56d7a661c05c2e2bbc16050253a0f9f3725d1949,a12f600afa09d3922c640261dd12aa28caf8324a,1,72,20,1.33,1.4,4,8,0.53,2,27.78,0.0,3.0,4.0,4,3,A,0.9,20
001_binary_search,ALG,codex,gpt-5.5,20260629T003611Z,codex-exp/20260629T003611Z-gpt-5.5-Agent,9,06b6c4a05554f4c6902b861a9ea145f5f87f354e,0366f958cedf8857a3c012c6a09f167f64d7ce76,1,74,20,1.33,1.4,4,8,0.53,2,27.03,0.0,3.0,4.0,4,3,A,0.9,20
001_binary_search,ALG,codex,gpt-5.5,20260629T003611Z,codex-exp/20260629T003611Z-gpt-5.5-Agent,10,cd37194022e1744d717e90f6d95da0b2d8c26d13,e76fa3cb869a5aafe21dbbdb2079e23e6219c83c,1,77,21,1.4,1.47,4,9,0.6,2,25.97,0.0,3.0,4.0,4,3,A,0.9,20
001_binary_search,ALG,codex,gpt-5.5,20260629T005152Z,codex-exp/20260629T005152Z-gpt-5.5-Agent,0,809c7caa070009cbae5511391d918c8d994502f6,f62bb424a918cc85670cd5eab45ad71ba1189921,1,24,6,3.0,3.0,4,8,4.0,7,291.67,0.0,2.0,2.0,2,1,B,6.5,47
001_binary_search,ALG,codex,gpt-5.5,20260629T005152Z,codex-exp/20260629T005152Z-gpt-5.5-Agent,1,04d0aa5844e150a7485fc242ac832706e17bf9d3,a36c00f8ce997ddbc5d0210852576f1fae45fe7a,1,29,6,3.0,3.0,4,8,4.0,3,103.45,0.0,2.0,2.0,2,1,A,3.4,30
001_binary_search,ALG,codex,gpt-5.5,20260629T005152Z,codex-exp/20260629T005152Z-gpt-5.5-Agent,2,47f0522bae8765882680d34e365b7c9aed790179,060dcca3aa192c1f7c189dadd578745742b26c94,1,34,8,2.0,2.0,4,7,1.75,2,58.82,0.0,2.0,2.0,2,1,A,2.0,20
001_binary_search,ALG,codex,gpt-5.5,20260629T005152Z,codex-exp/20260629T005152Z-gpt-5.5-Agent,3,26b3bede3140c0b70f48b4f943622c1a9fb6080e,6acdc6e1841e6df8fe1e79b0ce45e290436df09a,1,38,9,1.8,1.8,4,7,1.4,2,52.63,0.0,2.0,2.0,2,1,A,1.8,20
001_binary_search,ALG,codex,gpt-5.5,20260629T005152Z,codex-exp/20260629T005152Z-gpt-5.5-Agent,4,ab28bd89b93ec0cf0b2ce26559f9c06b075ddb2c,927b3c49e3a27af00fb206432a31ee74c22a8386,1,42,10,1.67,1.67,4,7,1.17,2,47.62,0.0,2.0,2.0,2,1,A,1.6,20
001_binary_search,ALG,codex,gpt-5.5,20260629T005152Z,codex-exp/20260629T005152Z-gpt-5.5-Agent,5,e349ef6ef0df17b92b8ca875cd0748f53626944b,8a9a1933eff3ea7c5486e1ab884cda58486462dc,1,61,15,1.36,1.45,4,7,0.64,2,32.79,0.0,2.0,2.0,3,2,A,1.1,20
001_binary_search,ALG,codex,gpt-5.5,20260629T005152Z,codex-exp/20260629T005152Z-gpt-5.5-Agent,6,41fabe5fbbb948cd7a375ba57890503c3ebffaca,d256cc72a6ed91b540ab4bdddac25ca7facb77a6,1,64,16,1.33,1.42,4,7,0.58,2,31.25,0.0,2.0,2.0,3,2,A,1.0,20
001_binary_search,ALG,codex,gpt-5.5,20260629T005152Z,codex-exp/20260629T005152Z-gpt-5.5-Agent,7,258aa1b3b9c60ce393464671cde302a3c1946e9b,e459c37656309d08aebcedb83265cc53520314f3,1,67,17,1.31,1.46,4,7,0.54,2,29.85,0.0,2.0,2.0,3,2,A,1.0,20
001_binary_search,ALG,codex,gpt-5.5,20260629T005152Z,codex-exp/20260629T005152Z-gpt-5.5-Agent,8,1f5f5acb7a324448f986a5376b6ea421e9b3effa,bd6b836b7710cd31bc916b8feb429af9afc7ce72,1,70,18,1.29,1.43,4,7,0.5,2,28.57,0.0,3.0,3.0,3,2,A,1.0,20
001_binary_search,ALG,codex,gpt-5.5,20260629T005152Z,codex-exp/20260629T005152Z-gpt-5.5-Agent,9,fbdc4c8c7ab1705d51c029df8e5174f5eac9ac87,837ed31b25ee9945ccd6d4260b25f147aa1ddacd,1,73,19,1.27,1.4,4,7,0.47,2,27.4,0.0,3.0,3.0,3,2,A,0.9,20
001_binary_search,ALG,codex,gpt-5.5,20260629T005152Z,codex-exp/20260629T005152Z-gpt-5.5-Agent,10,3bb5390908373f92a880fd7464b0f5c060ab424a,e0cfd3224358d2b413971e8f442d9b2570b44aad,1,76,20,1.25,1.38,3,6,0.38,2,26.32,0.0,3.0,3.0,3,2,A,0.9,20
001_binary_search,ALG,codex,gpt-5.5,20260629T005744Z,codex-exp/20260629T005744Z-gpt-5.5-Agent,0,809c7caa070009cbae5511391d918c8d994502f6,f62bb424a918cc85670cd5eab45ad71ba1189921,1,24,6,3.0,3.0,4,8,4.0,7,291.67,0.0,2.0,2.0,2,1,B,6.5,47
001_binary_search,ALG,codex,gpt-5.5,20260629T005744Z,codex-exp/20260629T005744Z-gpt-5.5-Agent,1,2c3e3374fd4e7e5acb2c4fbaa8ff015357cb1d67,cc87fad2adeee01403cddfe222be4bce729674ea,1,34,7,2.33,2.33,4,8,2.67,3,88.24,0.0,2.0,2.0,2,1,A,2.9,30
001_binary_search,ALG,codex,gpt-5.5,20260629T005744Z,codex-exp/20260629T005744Z-gpt-5.5-Agent,2,0ea983406b5d2db16961fbffe06b7ab0447a3ff0,088fbae3396a9b7882e2653ba2519afb85e1b663,1,36,8,2.0,2.0,4,7,1.75,2,55.56,0.0,2.0,2.0,2,1,A,1.9,20
001_binary_search,ALG,codex,gpt-5.5,20260629T005744Z,codex-exp/20260629T005744Z-gpt-5.5-Agent,3,313e623a1348e3d8b4da457b84ee24d64a0769c2,8df24994ed586bef9918f52672c983c1e036956a,1,39,9,1.8,1.8,4,7,1.4,2,51.28,0.0,2.0,2.0,2,1,A,1.7,20
001_binary_search,ALG,codex,gpt-5.5,20260629T005744Z,codex-exp/20260629T005744Z-gpt-5.5-Agent,4,b34cd3476d126a7ee56f7abfd16eec4bf95747d8,8065b709b33310fc07a47ad64d1f717582fffa9a,1,39,9,1.8,1.8,4,7,1.4,2,51.28,0.0,2.0,2.0,2,1,A,1.7,20
001_binary_search,ALG,codex,gpt-5.5,20260629T005744Z,codex-exp/20260629T005744Z-gpt-5.5-Agent,5,eb3af7032d0192be3868eca391aa76da8b32a4ad,e9869ae41bf79ff27bd1381a851ea4ec111eef99,1,39,9,1.8,1.8,4,7,1.4,2,51.28,0.0,2.0,2.0,2,1,A,1.7,20
